id,symbol,direction,setupId,decidedAt,openedAt,closedAt,durationMinutes,entry,exit,stop,target,quantity,exitReason,riskMoney,grossPnl,commission,netPnl,r,liquidity,strongLiquidity,structure,score,entryHourUtc
pos-rs-ord-1,EURUSD,LONG,EURUSD-LONG-2010-01-05T13:00:00.000Z,2010-01-05T13:00:00.000Z,2010-01-05T13:05:00.000Z,2010-01-05T14:40:00.000Z,95,1.44364,1.43994,1.43996,1.451,0.32,STOP,117.76,-118.4,2.24,-120.64,-1.02,ASIAN_LOW,true,CHOCH,16,13
pos-rs-ord-7,USDJPY,LONG,USDJPY-LONG-2010-01-13T18:45:00.000Z,2010-01-13T18:45:00.000Z,2010-01-13T18:50:00.000Z,2010-01-13T19:00:00.000Z,10,91.429,91.316,91.318,91.651,0.93,STOP,112.84,-115.01,6.51,-121.52,-1.08,SWING_LOW,false,BOS,14,18
pos-rs-ord-10,EURUSD,SHORT,EURUSD-SHORT-2010-01-27T14:15:00.000Z,2010-01-27T14:15:00.000Z,2010-01-27T14:35:00.000Z,2010-01-28T01:50:00.000Z,675,1.40544,1.39868,1.40882,1.39868,0.35,TARGET,118.3,236.6,2.45,234.15,1.98,SWING_HIGH,false,CHOCH,14,14
pos-rs-ord-12,EURUSD,LONG,EURUSD-LONG-2010-02-09T17:30:00.000Z,2010-02-09T17:30:00.000Z,2010-02-09T17:40:00.000Z,2010-02-10T15:20:00.000Z,1300,1.38189,1.36906,1.36908,1.40751,0.09,STOP,115.29,-115.47,0.63,-116.1,-1.01,SWING_LOW,false,BOS,14,17
pos-rs-ord-13,EURUSD,SHORT,EURUSD-SHORT-2010-02-18T08:00:00.000Z,2010-02-18T08:00:00.000Z,2010-02-18T08:05:00.000Z,2010-02-18T14:25:00.000Z,380,1.35589,1.35955,1.35953,1.34861,0.33,STOP,120.12,-120.78,2.31,-123.09,-1.02,SWING_HIGH,false,CHOCH,14,8
pos-rs-ord-15,USDJPY,SHORT,USDJPY-SHORT-2010-02-23T19:00:00.000Z,2010-02-23T19:00:00.000Z,2010-02-23T19:05:00.000Z,2010-02-23T23:40:00.000Z,275,90.034,90.284,90.282,89.538,0.43,STOP,118.47,-119.12,3.01,-122.13,-1.03,SWING_HIGH,false,BOS,14,19
pos-rs-ord-16,USDJPY,SHORT,USDJPY-SHORT-2010-02-24T00:15:00.000Z,2010-02-24T00:15:00.000Z,2010-02-24T00:35:00.000Z,2010-02-24T01:40:00.000Z,65,90.214,90.29,90.288,90.066,1.31,STOP,107.5,-110.32,9.17,-119.49,-1.11,SWING_HIGH,false,CHOCH,14,0
pos-rs-ord-20,USDJPY,LONG,USDJPY-LONG-2010-03-01T16:15:00.000Z,2010-03-01T16:15:00.000Z,2010-03-01T16:30:00.000Z,2010-03-02T09:30:00.000Z,1020,89.319,88.975,88.977,90.003,0.31,STOP,118.61,-119.73,2.17,-121.9,-1.03,SWING_LOW,false,CHOCH,14,16
pos-rs-ord-21,GBPUSD,SHORT,GBPUSD-SHORT-2010-03-02T15:30:00.000Z,2010-03-02T15:30:00.000Z,2010-03-02T15:55:00.000Z,2010-03-02T23:45:00.000Z,470,1.49359,1.4991,1.49908,1.48261,0.22,STOP,120.78,-121.22,1.54,-122.76,-1.02,SWING_HIGH,false,CHOCH,14,15
pos-rs-ord-22,GBPUSD,LONG,GBPUSD-LONG-2010-03-08T07:30:00.000Z,2010-03-08T07:30:00.000Z,2010-03-08T08:05:00.000Z,2010-03-08T11:30:00.000Z,205,1.51669,1.51264,1.51266,1.52475,0.29,STOP,116.87,-117.45,2.03,-119.48,-1.02,ASIAN_LOW,true,CHOCH,16,8
pos-rs-ord-28,GBPUSD,SHORT,GBPUSD-SHORT-2010-03-21T22:30:00.000Z,2010-03-21T22:30:00.000Z,2010-03-21T23:20:00.000Z,2010-03-22T04:45:00.000Z,325,1.50059,1.49673,1.50252,1.49673,0.59,TARGET,113.87,227.74,4.13,223.61,1.96,PDH,true,BOS,16,23
pos-rs-ord-30,EURUSD,LONG,EURUSD-LONG-2010-04-01T07:00:00.000Z,2010-04-01T07:00:00.000Z,2010-04-01T07:05:00.000Z,2010-04-01T07:25:00.000Z,20,1.35069,1.34927,1.34929,1.35349,0.81,STOP,113.4,-115.02,5.67,-120.69,-1.06,SWING_LOW,false,CHOCH,14,7
pos-rs-ord-31,USDJPY,SHORT,USDJPY-SHORT-2010-04-06T02:15:00.000Z,2010-04-06T02:15:00.000Z,2010-04-06T02:55:00.000Z,2010-04-06T08:45:00.000Z,350,94.189,93.789,94.389,93.789,0.54,TARGET,114.67,230.1,3.78,226.32,1.97,SWING_HIGH,false,BOS,14,2
pos-rs-ord-33,GBPUSD,SHORT,GBPUSD-SHORT-2010-04-07T01:15:00.000Z,2010-04-07T01:15:00.000Z,2010-04-07T01:40:00.000Z,2010-04-07T09:10:00.000Z,450,1.52509,1.52742,1.5274,1.52047,0.5,STOP,115.5,-116.5,3.5,-120,-1.04,SWING_HIGH,false,CHOCH,14,1
pos-rs-ord-35,EURUSD,SHORT,EURUSD-SHORT-2010-04-08T07:45:00.000Z,2010-04-08T07:45:00.000Z,2010-04-08T07:45:00.000Z,2010-04-08T14:55:00.000Z,430,1.33184,1.33412,1.3341,1.32732,0.51,STOP,115.26,-116.28,3.57,-119.85,-1.04,SWING_HIGH,false,CHOCH,14,7
pos-rs-ord-38,GBPUSD,SHORT,GBPUSD-SHORT-2010-04-16T16:00:00.000Z,2010-04-16T16:00:00.000Z,2010-04-16T16:00:00.000Z,2010-04-16T20:00:00.000Z,240,1.54204,1.539,1.54487,1.53638,0.41,PROTECTIVE,116.03,124.64,2.87,121.77,1.05,SWING_HIGH,false,BOS,14,16
pos-rs-ord-39,GBPUSD,LONG,GBPUSD-LONG-2010-04-26T06:45:00.000Z,2010-04-26T06:45:00.000Z,2010-04-26T07:00:00.000Z,2010-04-26T08:05:00.000Z,65,1.54394,1.54908,1.54137,1.54908,0.45,TARGET,115.65,231.3,3.15,228.15,1.97,SWING_LOW,false,CHOCH,14,7
pos-rs-ord-42,GBPUSD,LONG,GBPUSD-LONG-2010-05-10T14:15:00.000Z,2010-05-10T14:15:00.000Z,2010-05-10T14:20:00.000Z,2010-05-10T15:10:00.000Z,50,1.50179,1.49633,1.49635,1.51267,0.22,STOP,119.68,-120.12,1.54,-121.66,-1.02,SWING_LOW,false,BOS,14,14
pos-rs-ord-46,GBPUSD,LONG,GBPUSD-LONG-2010-06-02T07:00:00.000Z,2010-06-02T07:00:00.000Z,2010-06-02T07:15:00.000Z,2010-06-02T10:05:00.000Z,170,1.47299,1.46598,1.466,1.48697,0.17,STOP,118.83,-119.17,1.19,-120.36,-1.01,SWING_LOW,false,CHOCH,14,7
pos-rs-ord-48,GBPUSD,LONG,GBPUSD-LONG-2010-06-03T07:15:00.000Z,2010-06-03T07:15:00.000Z,2010-06-03T07:20:00.000Z,2010-06-03T09:35:00.000Z,135,1.47059,1.46742,1.46744,1.47689,0.37,STOP,116.55,-117.29,2.59,-119.88,-1.03,SWING_LOW,false,CHOCH,14,7
pos-rs-ord-51,GBPUSD,LONG,GBPUSD-LONG-2010-07-02T08:30:00.000Z,2010-07-02T08:30:00.000Z,2010-07-02T08:40:00.000Z,2010-07-02T20:00:00.000Z,680,1.51744,1.51898,1.51463,1.52306,0.42,PROTECTIVE,118.02,64.68,2.94,61.74,0.52,SWING_LOW,false,CHOCH,14,8
pos-rs-ord-52,USDJPY,LONG,USDJPY-LONG-2010-07-08T08:00:00.000Z,2010-07-08T08:00:00.000Z,2010-07-08T08:15:00.000Z,2010-07-08T09:25:00.000Z,70,88.339,88.176,88.178,88.661,0.63,STOP,114.79,-116.4,4.41,-120.81,-1.05,SWING_LOW,false,CHOCH,14,8
pos-rs-ord-54,GBPUSD,SHORT,GBPUSD-SHORT-2010-07-12T06:45:00.000Z,2010-07-12T06:45:00.000Z,2010-07-12T06:45:00.000Z,2010-07-12T07:10:00.000Z,25,1.50179,1.49939,1.50299,1.49939,0.93,TARGET,111.6,223.2,6.51,216.69,1.94,SWING_HIGH,false,CHOCH,14,6
pos-rs-ord-56,GBPUSD,SHORT,GBPUSD-SHORT-2010-08-11T22:30:00.000Z,2010-08-11T22:30:00.000Z,2010-08-11T22:45:00.000Z,2010-08-12T06:20:00.000Z,455,1.56409,1.56895,1.56893,1.55441,0.24,STOP,116.16,-116.64,1.68,-118.32,-1.02,SWING_HIGH,false,BOS,14,22
pos-rs-ord-59,EURUSD,LONG,EURUSD-LONG-2010-08-17T02:30:00.000Z,2010-08-17T02:30:00.000Z,2010-08-17T02:45:00.000Z,2010-08-17T08:45:00.000Z,360,1.28279,1.28783,1.28027,1.28783,0.46,TARGET,115.92,231.84,3.22,228.62,1.97,SWING_LOW,false,BOS,14,2
pos-rs-ord-68,EURUSD,SHORT,EURUSD-SHORT-2010-09-24T01:15:00.000Z,2010-09-24T01:15:00.000Z,2010-09-24T01:20:00.000Z,2010-09-24T02:15:00.000Z,55,1.33074,1.33252,1.3325,1.32722,0.65,STOP,114.4,-115.7,4.55,-120.25,-1.05,SWING_HIGH,false,BOS,14,1
pos-rs-ord-67,USDJPY,SHORT,USDJPY-SHORT-2010-09-23T10:00:00.000Z,2010-09-23T10:00:00.000Z,2010-09-23T10:00:00.000Z,2010-09-24T05:20:00.000Z,1160,84.519,84.671,84.669,84.219,0.64,STOP,113.62,-114.97,4.48,-119.45,-1.05,SWING_HIGH,false,BOS,14,10
pos-rs-ord-69,EURUSD,SHORT,EURUSD-SHORT-2010-09-24T08:00:00.000Z,2010-09-24T08:00:00.000Z,2010-09-24T08:10:00.000Z,2010-09-24T09:05:00.000Z,55,1.33289,1.33515,1.33513,1.32841,0.52,STOP,116.48,-117.52,3.64,-121.16,-1.04,SWING_HIGH,false,CHOCH,14,8
pos-rs-ord-71,GBPUSD,SHORT,GBPUSD-SHORT-2010-09-27T15:00:00.000Z,2010-09-27T15:00:00.000Z,2010-09-27T15:30:00.000Z,2010-09-28T10:35:00.000Z,1145,1.58329,1.58656,1.58654,1.57679,0.36,STOP,117,-117.72,2.52,-120.24,-1.03,SWING_HIGH,false,CHOCH,14,15
pos-rs-ord-72,USDJPY,LONG,USDJPY-LONG-2010-10-12T01:00:00.000Z,2010-10-12T01:00:00.000Z,2010-10-12T01:45:00.000Z,2010-10-12T04:35:00.000Z,170,82.214,82.008,82.01,82.622,0.46,STOP,114.14,-115.53,3.22,-118.75,-1.04,SWING_LOW,false,CHOCH,14,1
pos-rs-ord-73,GBPUSD,SHORT,GBPUSD-SHORT-2010-10-12T18:30:00.000Z,2010-10-12T18:30:00.000Z,2010-10-12T19:00:00.000Z,2010-10-12T19:20:00.000Z,20,1.57794,1.58146,1.58144,1.57094,0.33,STOP,115.5,-116.16,2.31,-118.47,-1.03,SWING_HIGH,false,BOS,14,19
pos-rs-ord-75,USDJPY,SHORT,USDJPY-SHORT-2010-10-14T01:30:00.000Z,2010-10-14T01:30:00.000Z,2010-10-14T01:30:00.000Z,2010-10-14T03:20:00.000Z,110,81.664,81.312,81.84,81.312,0.53,TARGET,114.35,229.29,3.71,225.58,1.97,EQUAL_HIGHS,false,BOS,14,1
pos-rs-ord-76,EURUSD,SHORT,EURUSD-SHORT-2010-10-18T06:30:00.000Z,2010-10-18T06:30:00.000Z,2010-10-18T06:30:00.000Z,2010-10-18T06:50:00.000Z,20,1.38864,1.38692,1.3895,1.38692,1.24,TARGET,106.64,213.28,8.68,204.6,1.92,SWING_HIGH,false,BOS,14,6
pos-rs-ord-78,EURUSD,SHORT,EURUSD-SHORT-2010-10-22T08:45:00.000Z,2010-10-22T08:45:00.000Z,2010-10-22T09:00:00.000Z,2010-10-22T14:10:00.000Z,310,1.39189,1.39708,1.39706,1.38155,0.23,STOP,118.91,-119.37,1.61,-120.98,-1.02,SWING_HIGH,false,CHOCH,14,9
pos-rs-ord-81,EURUSD,LONG,EURUSD-LONG-2010-11-02T09:45:00.000Z,2010-11-02T09:45:00.000Z,2010-11-02T09:50:00.000Z,2010-11-02T13:25:00.000Z,215,1.39484,1.40182,1.39135,1.40182,0.33,TARGET,115.17,230.34,2.31,228.03,1.98,SWING_LOW,false,BOS,14,9
pos-rs-ord-84,GBPUSD,SHORT,GBPUSD-SHORT-2010-11-29T09:00:00.000Z,2010-11-29T09:00:00.000Z,2010-11-29T09:05:00.000Z,2010-11-30T08:50:00.000Z,1425,1.56044,1.55184,1.56474,1.55184,0.27,TARGET,116.1,232.2,1.89,230.31,1.98,SWING_HIGH,false,CHOCH,14,9
pos-rs-ord-87,EURUSD,LONG,EURUSD-LONG-2010-12-02T15:30:00.000Z,2010-12-02T15:30:00.000Z,2010-12-02T15:45:00.000Z,2010-12-03T16:05:00.000Z,1460,1.31684,1.33902,1.30575,1.33902,0.11,TARGET,121.99,243.98,0.77,243.21,1.99,ASIAN_LOW,true,CHOCH,16,15
pos-rs-ord-90,EURUSD,LONG,EURUSD-LONG-2010-12-07T08:30:00.000Z,2010-12-07T08:30:00.000Z,2010-12-07T08:35:00.000Z,2010-12-07T17:10:00.000Z,515,1.33519,1.33091,1.33093,1.34371,0.28,STOP,119.28,-119.84,1.96,-121.8,-1.02,SWING_LOW,false,BOS,14,8
pos-rs-ord-91,USDJPY,SHORT,USDJPY-SHORT-2010-12-10T09:45:00.000Z,2010-12-10T09:45:00.000Z,2010-12-10T09:45:00.000Z,2010-12-10T11:55:00.000Z,130,83.654,83.468,83.747,83.468,0.99,TARGET,110.07,220.6,6.93,213.67,1.94,SWING_HIGH,false,CHOCH,14,9
pos-rs-ord-92,GBPUSD,LONG,GBPUSD-LONG-2010-12-21T07:30:00.000Z,2010-12-21T07:30:00.000Z,2010-12-21T08:00:00.000Z,2010-12-21T08:25:00.000Z,25,1.55549,1.55357,1.55359,1.55929,0.61,STOP,115.9,-117.12,4.27,-121.39,-1.05,SWING_LOW,false,CHOCH,14,8
pos-rs-ord-93,EURUSD,SHORT,EURUSD-SHORT-2011-01-05T09:00:00.000Z,2011-01-05T09:00:00.000Z,2011-01-05T09:00:00.000Z,2011-01-05T13:20:00.000Z,260,1.32624,1.32062,1.32905,1.32062,0.42,TARGET,118.02,236.04,2.94,233.1,1.98,EQUAL_HIGHS,false,BOS,14,9
pos-rs-ord-96,GBPUSD,LONG,GBPUSD-LONG-2011-02-01T06:00:00.000Z,2011-02-01T06:00:00.000Z,2011-02-01T06:30:00.000Z,2011-02-01T07:50:00.000Z,80,1.60604,1.60445,1.60447,1.60918,0.73,STOP,114.61,-116.07,5.11,-121.18,-1.06,SWING_LOW,false,BOS,14,6
pos-rs-ord-100,USDJPY,SHORT,USDJPY-SHORT-2011-02-17T15:00:00.000Z,2011-02-17T15:00:00.000Z,2011-02-17T15:00:00.000Z,2011-02-18T21:00:00.000Z,1800,83.379,83.09,83.751,82.635,0.27,PROTECTIVE,120.58,93.92,1.89,92.03,0.76,SWING_HIGH,false,CHOCH,14,15
pos-rs-ord-103,USDJPY,SHORT,USDJPY-SHORT-2011-02-24T08:00:00.000Z,2011-02-24T08:00:00.000Z,2011-02-24T08:05:00.000Z,2011-02-25T21:00:00.000Z,2215,81.954,81.66,82.17,81.522,0.45,PROTECTIVE,118.66,162.03,3.15,158.88,1.34,SWING_HIGH,false,BOS,14,8
pos-rs-ord-104,GBPUSD,LONG,GBPUSD-LONG-2011-02-28T20:15:00.000Z,2011-02-28T20:15:00.000Z,2011-02-28T20:45:00.000Z,2011-03-01T01:00:00.000Z,255,1.62584,1.62916,1.62418,1.62916,0.7,TARGET,116.2,232.4,4.9,227.5,1.96,SWING_LOW,false,CHOCH,14,20
pos-rs-ord-107,GBPUSD,LONG,GBPUSD-LONG-2011-03-09T02:00:00.000Z,2011-03-09T02:00:00.000Z,2011-03-09T02:55:00.000Z,2011-03-09T06:45:00.000Z,230,1.61574,1.61438,1.6144,1.61842,0.86,STOP,115.24,-116.96,6.02,-122.98,-1.07,SWING_LOW,false,BOS,14,2
pos-rs-ord-112,EURUSD,SHORT,EURUSD-SHORT-2011-03-24T08:30:00.000Z,2011-03-24T08:30:00.000Z,2011-03-24T08:55:00.000Z,2011-03-24T09:50:00.000Z,55,1.40704,1.40911,1.40909,1.40294,0.57,STOP,116.85,-117.99,3.99,-121.98,-1.04,SWING_HIGH,false,BOS,14,8
pos-rs-ord-116,EURUSD,SHORT,EURUSD-SHORT-2011-04-04T16:45:00.000Z,2011-04-04T16:45:00.000Z,2011-04-04T16:55:00.000Z,2011-04-05T14:05:00.000Z,1270,1.42199,1.41569,1.42514,1.41569,0.38,TARGET,119.7,239.4,2.66,236.74,1.98,SWING_HIGH,false,CHOCH,14,16
pos-rs-ord-117,GBPUSD,SHORT,GBPUSD-SHORT-2011-05-24T07:30:00.000Z,2011-05-24T07:30:00.000Z,2011-05-24T07:35:00.000Z,2011-05-24T08:15:00.000Z,40,1.60979,1.61266,1.61264,1.60409,0.42,STOP,119.7,-120.54,2.94,-123.48,-1.03,ASIAN_HIGH,true,CHOCH,16,7
pos-rs-ord-118,GBPUSD,LONG,GBPUSD-LONG-2011-06-01T06:00:00.000Z,2011-06-01T06:00:00.000Z,2011-06-01T06:00:00.000Z,2011-06-01T06:15:00.000Z,15,1.64744,1.64578,1.6458,1.65072,0.71,STOP,116.44,-117.86,4.97,-122.83,-1.05,SWING_LOW,false,BOS,14,6
pos-rs-ord-119,EURUSD,LONG,EURUSD-LONG-2011-06-06T08:00:00.000Z,2011-06-06T08:00:00.000Z,2011-06-06T08:00:00.000Z,2011-06-06T08:45:00.000Z,45,1.46489,1.46275,1.46277,1.46913,0.55,STOP,116.6,-117.7,3.85,-121.55,-1.04,SWING_LOW,false,BOS,14,8
pos-rs-ord-120,EURUSD,LONG,EURUSD-LONG-2011-06-06T14:45:00.000Z,2011-06-06T14:45:00.000Z,2011-06-06T14:50:00.000Z,2011-06-06T17:45:00.000Z,175,1.46134,1.45913,1.45915,1.46572,0.54,STOP,118.26,-119.34,3.78,-123.12,-1.04,SWING_LOW,false,CHOCH,14,14
pos-rs-ord-122,EURUSD,LONG,EURUSD-LONG-2011-06-14T15:45:00.000Z,2011-06-14T15:45:00.000Z,2011-06-14T16:35:00.000Z,2011-06-15T02:05:00.000Z,570,1.44664,1.44121,1.44123,1.45746,0.22,STOP,119.02,-119.46,1.54,-121,-1.02,SWING_LOW,false,CHOCH,14,16
pos-rs-ord-124,EURUSD,LONG,EURUSD-LONG-2011-06-28T09:00:00.000Z,2011-06-28T09:00:00.000Z,2011-06-28T09:30:00.000Z,2011-06-28T11:05:00.000Z,95,1.42964,1.42521,1.42523,1.43846,0.27,STOP,119.07,-119.61,1.89,-121.5,-1.02,SWING_LOW,false,CHOCH,14,9
pos-rs-ord-125,GBPUSD,LONG,GBPUSD-LONG-2011-07-04T17:00:00.000Z,2011-07-04T17:00:00.000Z,2011-07-04T17:10:00.000Z,2011-07-05T02:40:00.000Z,570,1.60824,1.60524,1.60526,1.6142,0.4,STOP,119.2,-120,2.8,-122.8,-1.03,ASIAN_LOW,true,CHOCH,16,17
pos-rs-ord-126,EURUSD,SHORT,EURUSD-SHORT-2011-07-12T08:30:00.000Z,2011-07-12T08:30:00.000Z,2011-07-12T09:20:00.000Z,2011-07-12T12:55:00.000Z,215,1.39039,1.39771,1.39769,1.37579,0.16,STOP,116.8,-117.12,1.12,-118.24,-1.01,SWING_HIGH,false,CHOCH,14,9
pos-rs-ord-127,EURUSD,SHORT,EURUSD-SHORT-2011-07-14T16:15:00.000Z,2011-07-14T16:15:00.000Z,2011-07-14T16:45:00.000Z,2011-07-15T20:00:00.000Z,1635,1.41744,1.4134,1.4249,1.40252,0.16,PROTECTIVE,119.36,64.64,1.12,63.52,0.53,SWING_HIGH,false,CHOCH,14,16
pos-rs-ord-129,EURUSD,LONG,EURUSD-LONG-2011-08-05T14:45:00.000Z,2011-08-05T14:45:00.000Z,2011-08-05T14:45:00.000Z,2011-08-05T20:00:00.000Z,315,1.41904,1.42628,1.41304,1.43104,0.2,PROTECTIVE,120,144.8,1.4,143.4,1.2,SWING_LOW,false,BOS,14,14
pos-rs-ord-132,EURUSD,LONG,EURUSD-LONG-2011-08-10T08:45:00.000Z,2011-08-10T08:45:00.000Z,2011-08-10T09:10:00.000Z,2011-08-10T13:55:00.000Z,285,1.43609,1.43089,1.43091,1.44645,0.23,STOP,119.14,-119.6,1.61,-121.21,-1.02,ASIAN_LOW,true,CHOCH,16,9
pos-rs-ord-133,GBPUSD,LONG,GBPUSD-LONG-2011-08-15T01:45:00.000Z,2011-08-15T01:45:00.000Z,2011-08-15T01:45:00.000Z,2011-08-15T01:55:00.000Z,10,1.62944,1.62766,1.62768,1.63296,0.65,STOP,114.4,-115.7,4.55,-120.25,-1.05,SWING_LOW,false,BOS,14,1
pos-rs-ord-135,GBPUSD,LONG,GBPUSD-LONG-2011-09-02T06:15:00.000Z,2011-09-02T06:15:00.000Z,2011-09-02T06:30:00.000Z,2011-09-02T06:50:00.000Z,20,1.61909,1.61728,1.6173,1.62267,0.64,STOP,114.56,-115.84,4.48,-120.32,-1.05,SWING_LOW,false,BOS,14,6
pos-rs-ord-136,EURUSD,SHORT,EURUSD-SHORT-2011-09-16T13:30:00.000Z,2011-09-16T13:30:00.000Z,2011-09-16T13:40:00.000Z,2011-09-16T15:00:00.000Z,80,1.37824,1.38269,1.38267,1.36938,0.27,STOP,119.61,-120.15,1.89,-122.04,-1.02,SWING_HIGH,false,CHOCH,14,13
pos-rs-ord-138,USDJPY,LONG,USDJPY-LONG-2011-09-27T21:30:00.000Z,2011-09-27T21:30:00.000Z,2011-09-27T21:50:00.000Z,2011-09-28T01:10:00.000Z,200,76.804,76.637,76.639,77.134,0.53,STOP,113.82,-115.42,3.71,-119.13,-1.05,SWING_LOW,false,BOS,14,21
pos-rs-ord-144,GBPUSD,LONG,GBPUSD-LONG-2011-10-13T02:00:00.000Z,2011-10-13T02:00:00.000Z,2011-10-13T02:00:00.000Z,2011-10-13T03:05:00.000Z,65,1.57434,1.57306,1.57308,1.57686,0.88,STOP,110.88,-112.64,6.16,-118.8,-1.07,EQUAL_LOWS,false,CHOCH,14,2
pos-rs-ord-146,USDJPY,SHORT,USDJPY-SHORT-2011-10-28T02:30:00.000Z,2011-10-28T02:30:00.000Z,2011-10-28T03:00:00.000Z,2011-10-28T15:25:00.000Z,745,75.904,75.716,75.998,75.716,0.88,TARGET,109.02,218.51,6.16,212.35,1.95,SWING_HIGH,false,CHOCH,14,3
pos-rs-ord-148,EURUSD,SHORT,EURUSD-SHORT-2011-11-03T15:00:00.000Z,2011-11-03T15:00:00.000Z,2011-11-03T15:25:00.000Z,2011-11-03T18:50:00.000Z,205,1.37379,1.38368,1.38366,1.35405,0.12,STOP,118.44,-118.68,0.84,-119.52,-1.01,PDH,true,CHOCH,16,15
pos-rs-ord-150,EURUSD,SHORT,EURUSD-SHORT-2011-11-15T16:15:00.000Z,2011-11-15T16:15:00.000Z,2011-11-15T17:05:00.000Z,2011-11-16T02:10:00.000Z,545,1.35389,1.34669,1.35749,1.34669,0.32,TARGET,115.2,230.4,2.24,228.16,1.98,SWING_HIGH,false,BOS,14,17
pos-rs-ord-153,EURUSD,SHORT,EURUSD-SHORT-2011-11-29T00:30:00.000Z,2011-11-29T00:30:00.000Z,2011-11-29T01:05:00.000Z,2011-11-29T03:20:00.000Z,135,1.33024,1.33242,1.3324,1.32592,0.53,STOP,114.48,-115.54,3.71,-119.25,-1.04,SWING_HIGH,false,BOS,14,1
pos-rs-ord-156,GBPUSD,SHORT,GBPUSD-SHORT-2011-12-06T16:45:00.000Z,2011-12-06T16:45:00.000Z,2011-12-06T17:35:00.000Z,2011-12-07T13:40:00.000Z,1205,1.5591,1.56415,1.56413,1.54904,0.23,STOP,115.69,-116.15,1.61,-117.76,-1.02,SWING_HIGH,false,BOS,14,17
pos-rs-ord-157,EURUSD,LONG,EURUSD-LONG-2011-12-08T13:15:00.000Z,2011-12-08T13:15:00.000Z,2011-12-08T13:50:00.000Z,2011-12-08T14:00:00.000Z,10,1.34008,1.33776,1.33778,1.34468,0.5,STOP,115,-116,3.5,-119.5,-1.04,SWING_LOW,false,CHOCH,14,13
pos-rs-ord-159,USDJPY,LONG,USDJPY-LONG-2011-12-23T01:00:00.000Z,2011-12-23T01:00:00.000Z,2011-12-23T01:10:00.000Z,2011-12-23T01:50:00.000Z,40,78.183,78.133,78.135,78.279,1.63,STOP,100.06,-104.3,11.41,-115.71,-1.16,SWING_LOW,false,BOS,14,1
pos-rs-ord-160,EURUSD,LONG,EURUSD-LONG-2011-12-26T13:00:00.000Z,2011-12-26T13:00:00.000Z,2011-12-26T13:00:00.000Z,2011-12-26T15:55:00.000Z,175,1.30712,1.30623,1.30625,1.30886,1.22,STOP,106.14,-108.58,8.54,-117.12,-1.1,SWING_LOW,false,BOS,14,13
pos-rs-ord-162,EURUSD,SHORT,EURUSD-SHORT-2011-12-29T08:30:00.000Z,2011-12-29T08:30:00.000Z,2011-12-29T08:45:00.000Z,2011-12-29T10:35:00.000Z,110,1.29269,1.28939,1.29434,1.28939,0.68,TARGET,112.2,224.4,4.76,219.64,1.96,ASIAN_HIGH,true,CHOCH,16,8
pos-rs-ord-163,GBPUSD,LONG,GBPUSD-LONG-2012-01-04T15:00:00.000Z,2012-01-04T15:00:00.000Z,2012-01-04T15:10:00.000Z,2012-01-05T08:55:00.000Z,1065,1.56134,1.55787,1.55789,1.56824,0.34,STOP,117.3,-117.98,2.38,-120.36,-1.03,SWING_LOW,false,CHOCH,14,15
pos-rs-ord-164,USDJPY,SHORT,USDJPY-SHORT-2012-01-09T19:30:00.000Z,2012-01-09T19:30:00.000Z,2012-01-09T19:40:00.000Z,2012-01-11T01:05:00.000Z,1765,76.847,76.915,76.913,76.715,1.22,STOP,104.78,-107.91,8.54,-116.45,-1.11,SWING_HIGH,false,CHOCH,14,19
pos-rs-ord-166,EURUSD,LONG,EURUSD-LONG-2012-01-18T10:30:00.000Z,2012-01-18T10:30:00.000Z,2012-01-18T11:10:00.000Z,2012-01-19T20:50:00.000Z,2020,1.28092,1.29628,1.27324,1.29628,0.15,TARGET,115.2,230.4,1.05,229.35,1.99,ASIAN_LOW,true,BOS,16,11
pos-rs-ord-167,EURUSD,SHORT,EURUSD-SHORT-2012-01-23T07:30:00.000Z,2012-01-23T07:30:00.000Z,2012-01-23T07:40:00.000Z,2012-01-23T08:10:00.000Z,30,1.28984,1.29056,1.29054,1.28844,1.48,STOP,103.6,-106.56,10.36,-116.92,-1.13,SWING_HIGH,false,CHOCH,14,7
pos-rs-ord-171,USDJPY,SHORT,USDJPY-SHORT-2012-02-13T23:30:00.000Z,2012-02-13T23:30:00.000Z,2012-02-13T23:30:00.000Z,2012-02-14T02:25:00.000Z,175,77.532,77.61,77.608,77.38,1.09,STOP,106.92,-109.57,7.63,-117.2,-1.1,SWING_HIGH,false,CHOCH,14,23
pos-rs-ord-174,GBPUSD,LONG,GBPUSD-LONG-2012-02-20T11:45:00.000Z,2012-02-20T11:45:00.000Z,2012-02-20T12:00:00.000Z,2012-02-20T17:45:00.000Z,345,1.58664,1.58406,1.58408,1.59176,0.45,STOP,115.2,-116.1,3.15,-119.25,-1.04,SWING_LOW,false,CHOCH,14,12
pos-rs-ord-177,GBPUSD,LONG,GBPUSD-LONG-2012-03-01T09:15:00.000Z,2012-03-01T09:15:00.000Z,2012-03-01T09:35:00.000Z,2012-03-02T12:05:00.000Z,1590,1.59269,1.58947,1.58949,1.59909,0.36,STOP,115.2,-115.92,2.52,-118.44,-1.03,PDL,true,BOS,16,9
pos-rs-ord-178,USDJPY,LONG,USDJPY-LONG-2012-03-08T09:00:00.000Z,2012-03-08T09:00:00.000Z,2012-03-08T09:50:00.000Z,2012-03-09T02:40:00.000Z,1010,81.428,81.766,81.259,81.766,0.54,TARGET,112.06,223.27,3.78,219.49,1.96,SWING_LOW,false,BOS,14,9
pos-rs-ord-182,USDJPY,LONG,USDJPY-LONG-2012-03-14T06:30:00.000Z,2012-03-14T06:30:00.000Z,2012-03-14T07:05:00.000Z,2012-03-14T08:20:00.000Z,75,83.2,83.082,83.084,83.432,0.79,STOP,110.08,-112.17,5.53,-117.7,-1.07,SWING_LOW,false,BOS,14,7
pos-rs-ord-183,USDJPY,LONG,USDJPY-LONG-2012-03-14T09:45:00.000Z,2012-03-14T09:45:00.000Z,2012-03-14T10:00:00.000Z,2012-03-15T01:30:00.000Z,930,83.367,83.965,83.068,83.965,0.32,TARGET,114.72,227.9,2.24,225.66,1.97,SWING_LOW,false,BOS,14,10
pos-rs-ord-185,EURUSD,SHORT,EURUSD-SHORT-2012-03-22T14:45:00.000Z,2012-03-22T14:45:00.000Z,2012-03-22T15:00:00.000Z,2012-03-22T16:35:00.000Z,95,1.31616,1.31779,1.31777,1.31294,0.7,STOP,112.7,-114.1,4.9,-119,-1.06,SWING_HIGH,false,CHOCH,14,15
pos-rs-ord-186,USDJPY,SHORT,USDJPY-SHORT-2012-03-23T13:00:00.000Z,2012-03-23T13:00:00.000Z,2012-03-23T13:30:00.000Z,2012-03-23T15:15:00.000Z,105,82.545,82.221,82.707,82.221,0.57,TARGET,111.88,224.6,3.99,220.61,1.97,SWING_HIGH,false,CHOCH,14,13
pos-rs-ord-189,GBPUSD,SHORT,GBPUSD-SHORT-2012-04-18T08:15:00.000Z,2012-04-18T08:15:00.000Z,2012-04-18T09:00:00.000Z,2012-04-18T09:15:00.000Z,15,1.59212,1.59352,1.5935,1.58936,0.81,STOP,111.78,-113.4,5.67,-119.07,-1.07,SWING_HIGH,false,CHOCH,14,9
pos-rs-ord-191,EURUSD,LONG,EURUSD-LONG-2012-04-25T14:30:00.000Z,2012-04-25T14:30:00.000Z,2012-04-25T15:05:00.000Z,2012-04-25T15:15:00.000Z,10,1.32128,1.31946,1.31948,1.32488,0.63,STOP,113.4,-114.66,4.41,-119.07,-1.05,SWING_LOW,false,CHOCH,14,15
pos-rs-ord-192,USDJPY,SHORT,USDJPY-SHORT-2012-04-26T14:00:00.000Z,2012-04-26T14:00:00.000Z,2012-04-26T14:40:00.000Z,2012-04-26T19:10:00.000Z,270,80.824,80.962,80.96,80.552,0.66,STOP,111.05,-112.58,4.62,-117.2,-1.06,SWING_HIGH,false,BOS,14,14
pos-rs-ord-194,USDJPY,LONG,USDJPY-LONG-2012-05-02T08:00:00.000Z,2012-05-02T08:00:00.000Z,2012-05-02T08:35:00.000Z,2012-05-02T09:00:00.000Z,25,80.437,80.307,80.309,80.693,0.7,STOP,111.36,-113.25,4.9,-118.15,-1.06,SWING_LOW,false,BOS,14,8
pos-rs-ord-195,EURUSD,LONG,EURUSD-LONG-2012-05-04T15:00:00.000Z,2012-05-04T15:00:00.000Z,2012-05-04T15:00:00.000Z,2012-05-04T15:50:00.000Z,50,1.31586,1.3113,1.31132,1.32494,0.25,STOP,113.5,-114,1.75,-115.75,-1.02,SWING_LOW,false,CHOCH,14,15
pos-rs-ord-197,GBPUSD,SHORT,GBPUSD-SHORT-2012-05-08T13:45:00.000Z,2012-05-08T13:45:00.000Z,2012-05-08T14:30:00.000Z,2012-05-08T16:45:00.000Z,135,1.61417,1.61622,1.6162,1.61011,0.55,STOP,111.65,-112.75,3.85,-116.6,-1.04,SWING_HIGH,false,BOS,14,14
pos-rs-ord-199,USDJPY,SHORT,USDJPY-SHORT-2012-05-11T13:45:00.000Z,2012-05-11T13:45:00.000Z,2012-05-11T14:35:00.000Z,2012-05-11T20:00:00.000Z,325,79.896,79.883,79.992,79.704,0.9,PROTECTIVE,108.17,14.65,6.3,8.35,0.08,ASIAN_HIGH,true,CHOCH,16,14
pos-rs-ord-207,GBPUSD,LONG,GBPUSD-LONG-2012-06-15T05:45:00.000Z,2012-06-15T05:45:00.000Z,2012-06-15T05:50:00.000Z,2012-06-15T07:00:00.000Z,70,1.55476,1.55397,1.55399,1.5563,1.34,STOP,103.18,-105.86,9.38,-115.24,-1.12,SWING_LOW,false,CHOCH,14,5
pos-rs-ord-209,GBPUSD,SHORT,GBPUSD-SHORT-2012-07-06T08:15:00.000Z,2012-07-06T08:15:00.000Z,2012-07-06T08:40:00.000Z,2012-07-06T09:15:00.000Z,35,1.55232,1.55342,1.5534,1.55016,0.99,STOP,106.92,-108.9,6.93,-115.83,-1.08,EQUAL_HIGHS,false,CHOCH,14,8
pos-rs-ord-210,GBPUSD,LONG,GBPUSD-LONG-2012-07-11T07:15:00.000Z,2012-07-11T07:15:00.000Z,2012-07-11T07:20:00.000Z,2012-07-11T10:00:00.000Z,160,1.55274,1.55588,1.55117,1.55588,0.7,TARGET,109.9,219.8,4.9,214.9,1.96,SWING_LOW,false,BOS,14,7
pos-rs-ord-211,EURUSD,LONG,EURUSD-LONG-2012-07-11T10:00:00.000Z,2012-07-11T10:00:00.000Z,2012-07-11T10:35:00.000Z,2012-07-11T13:15:00.000Z,160,1.2274,1.22555,1.22557,1.23106,0.61,STOP,111.63,-112.85,4.27,-117.12,-1.05,SWING_LOW,false,BOS,14,10
pos-rs-ord-214,EURUSD,SHORT,EURUSD-SHORT-2012-07-16T13:30:00.000Z,2012-07-16T13:30:00.000Z,2012-07-16T13:30:00.000Z,2012-07-16T13:35:00.000Z,5,1.21868,1.22014,1.22012,1.2158,0.76,STOP,109.44,-110.96,5.32,-116.28,-1.06,SWING_HIGH,false,CHOCH,14,13
pos-rs-ord-215,USDJPY,SHORT,USDJPY-SHORT-2012-07-18T12:00:00.000Z,2012-07-18T12:00:00.000Z,2012-07-18T12:50:00.000Z,2012-07-18T14:20:00.000Z,90,78.99,79.08,79.078,78.814,0.95,STOP,105.85,-108.28,6.65,-114.93,-1.09,SWING_HIGH,false,CHOCH,14,12
pos-rs-ord-218,EURUSD,LONG,EURUSD-LONG-2012-07-19T08:30:00.000Z,2012-07-19T08:30:00.000Z,2012-07-19T08:55:00.000Z,2012-07-19T09:45:00.000Z,50,1.22972,1.22753,1.22755,1.23406,0.52,STOP,112.84,-113.88,3.64,-117.52,-1.04,SWING_LOW,false,CHOCH,14,8
pos-rs-ord-220,EURUSD,SHORT,EURUSD-SHORT-2012-07-23T14:00:00.000Z,2012-07-23T14:00:00.000Z,2012-07-23T14:35:00.000Z,2012-07-23T17:55:00.000Z,200,1.20927,1.21397,1.21395,1.19991,0.24,STOP,112.32,-112.8,1.68,-114.48,-1.02,ASIAN_HIGH,true,CHOCH,16,14
pos-rs-ord-222,USDJPY,SHORT,USDJPY-SHORT-2012-07-31T11:00:00.000Z,2012-07-31T11:00:00.000Z,2012-07-31T11:05:00.000Z,2012-07-31T12:55:00.000Z,110,78.25,78.144,78.303,78.144,1.46,TARGET,98.9,198.02,10.22,187.8,1.9,SWING_HIGH,false,CHOCH,14,11
pos-rs-ord-227,EURUSD,SHORT,EURUSD-SHORT-2012-08-08T11:00:00.000Z,2012-08-08T11:00:00.000Z,2012-08-08T11:00:00.000Z,2012-08-09T11:10:00.000Z,1450,1.23664,1.23148,1.23922,1.23148,0.44,TARGET,113.52,227.04,3.08,223.96,1.97,SWING_HIGH,false,BOS,14,11
pos-rs-ord-232,GBPUSD,SHORT,GBPUSD-SHORT-2012-08-24T07:30:00.000Z,2012-08-24T07:30:00.000Z,2012-08-24T07:30:00.000Z,2012-08-24T08:05:00.000Z,35,1.58576,1.58677,1.58675,1.58378,1.07,STOP,105.93,-108.07,7.49,-115.56,-1.09,ASIAN_HIGH,true,BOS,16,7
pos-rs-ord-235,USDJPY,LONG,USDJPY-LONG-2012-08-27T06:00:00.000Z,2012-08-27T06:00:00.000Z,2012-08-27T06:30:00.000Z,2012-08-27T07:25:00.000Z,55,78.746,78.72,78.722,78.794,2.72,STOP,82.9,-89.83,19.04,-108.87,-1.31,EQUAL_LOWS,false,CHOCH,14,6
pos-rs-ord-236,USDJPY,SHORT,USDJPY-SHORT-2012-09-03T22:00:00.000Z,2012-09-03T22:00:00.000Z,2012-09-03T22:10:00.000Z,2012-09-03T22:15:00.000Z,5,78.266,78.284,78.282,78.234,3.52,STOP,71.96,-80.96,24.64,-105.6,-1.47,SWING_HIGH,false,BOS,14,22
pos-rs-ord-238,GBPUSD,LONG,GBPUSD-LONG-2012-09-11T08:15:00.000Z,2012-09-11T08:15:00.000Z,2012-09-11T08:15:00.000Z,2012-09-11T15:40:00.000Z,445,1.60163,1.60527,1.59981,1.60527,0.61,TARGET,111.02,222.04,4.27,217.77,1.96,SWING_LOW,false,CHOCH,14,8
pos-rs-ord-240,EURUSD,SHORT,EURUSD-SHORT-2012-09-18T09:00:00.000Z,2012-09-18T09:00:00.000Z,2012-09-18T09:30:00.000Z,2012-09-19T10:40:00.000Z,1510,1.3084,1.30214,1.31153,1.30214,0.36,TARGET,112.68,225.36,2.52,222.84,1.98,SWING_HIGH,false,BOS,14,9
pos-rs-ord-243,USDJPY,SHORT,USDJPY-SHORT-2012-09-26T07:15:00.000Z,2012-09-26T07:15:00.000Z,2012-09-26T07:20:00.000Z,2012-09-26T09:15:00.000Z,115,77.724,77.602,77.785,77.602,1.3,TARGET,102.04,204.27,9.1,195.17,1.91,SWING_HIGH,false,BOS,14,7
pos-rs-ord-244,USDJPY,SHORT,USDJPY-SHORT-2012-09-28T06:30:00.000Z,2012-09-28T06:30:00.000Z,2012-09-28T07:25:00.000Z,2012-09-28T08:45:00.000Z,80,77.503,77.566,77.564,77.381,1.3,STOP,102.34,-105.62,9.1,-114.72,-1.12,SWING_HIGH,false,BOS,14,7
pos-rs-ord-245,EURUSD,LONG,EURUSD-LONG-2012-10-02T06:30:00.000Z,2012-10-02T06:30:00.000Z,2012-10-02T07:05:00.000Z,2012-10-02T08:10:00.000Z,65,1.29064,1.28824,1.28826,1.2954,0.48,STOP,114.24,-115.2,3.36,-118.56,-1.04,EQUAL_LOWS,false,CHOCH,14,7
pos-rs-ord-247,USDJPY,SHORT,USDJPY-SHORT-2012-10-15T02:00:00.000Z,2012-10-15T02:00:00.000Z,2012-10-15T02:45:00.000Z,2012-10-15T03:30:00.000Z,45,78.412,78.486,78.484,78.268,1.13,STOP,103.81,-106.55,7.91,-114.46,-1.1,EQUAL_HIGHS,false,CHOCH,14,2
pos-rs-ord-249,EURUSD,LONG,EURUSD-LONG-2012-10-17T08:00:00.000Z,2012-10-17T08:00:00.000Z,2012-10-17T08:30:00.000Z,2012-10-18T08:30:00.000Z,1440,1.3103,1.30842,1.30844,1.31402,0.6,STOP,111.6,-112.8,4.2,-117,-1.05,ASIAN_LOW,true,CHOCH,16,8
pos-rs-ord-251,GBPUSD,SHORT,GBPUSD-SHORT-2012-10-23T12:00:00.000Z,2012-10-23T12:00:00.000Z,2012-10-23T12:25:00.000Z,2012-10-23T15:35:00.000Z,190,1.59922,1.59352,1.60207,1.59352,0.4,TARGET,114,228,2.8,225.2,1.98,EQUAL_HIGHS,false,BOS,14,12
pos-rs-ord-254,EURUSD,SHORT,EURUSD-SHORT-2012-11-02T10:15:00.000Z,2012-11-02T10:15:00.000Z,2012-11-02T11:05:00.000Z,2012-11-02T14:55:00.000Z,230,1.28868,1.28442,1.29081,1.28442,0.53,TARGET,112.89,225.78,3.71,222.07,1.97,SWING_HIGH,false,BOS,14,11
pos-rs-ord-255,USDJPY,LONG,USDJPY-LONG-2012-11-02T14:00:00.000Z,2012-11-02T14:00:00.000Z,2012-11-02T14:50:00.000Z,2012-11-02T20:00:00.000Z,310,80.451,80.395,80.206,80.941,0.05,PROTECTIVE,15.22,-3.48,0.35,-3.83,-0.25,SWING_LOW,false,CHOCH,14,14
pos-rs-ord-260,EURUSD,LONG,EURUSD-LONG-2012-11-14T08:15:00.000Z,2012-11-14T08:15:00.000Z,2012-11-14T08:15:00.000Z,2012-11-14T19:05:00.000Z,650,1.27224,1.27582,1.27045,1.27582,0.63,TARGET,112.77,225.54,4.41,221.13,1.96,SWING_LOW,false,CHOCH,14,8
pos-rs-ord-261,USDJPY,SHORT,USDJPY-SHORT-2012-11-19T16:15:00.000Z,2012-11-19T16:15:00.000Z,2012-11-19T17:05:00.000Z,2012-11-19T19:55:00.000Z,170,81.196,81.27,81.268,81.052,1.18,STOP,104.64,-107.51,8.26,-115.77,-1.11,SWING_HIGH,false,CHOCH,14,17
pos-rs-ord-267,USDJPY,SHORT,USDJPY-SHORT-2012-12-06T16:30:00.000Z,2012-12-06T16:30:00.000Z,2012-12-06T16:35:00.000Z,2012-12-06T23:55:00.000Z,440,82.297,82.438,82.436,82.019,0.66,STOP,111.5,-112.91,4.62,-117.53,-1.05,SWING_HIGH,false,BOS,14,16
pos-rs-ord-268,GBPUSD,SHORT,GBPUSD-SHORT-2012-12-09T22:45:00.000Z,2012-12-09T22:45:00.000Z,2012-12-09T23:00:00.000Z,2012-12-10T11:10:00.000Z,730,1.60331,1.60433,1.60431,1.60131,1.07,STOP,107,-109.14,7.49,-116.63,-1.09,EQUAL_HIGHS,false,CHOCH,14,23
pos-rs-ord-275,EURUSD,SHORT,EURUSD-SHORT-2012-12-20T05:45:00.000Z,2012-12-20T05:45:00.000Z,2012-12-20T06:05:00.000Z,2012-12-20T08:15:00.000Z,130,1.32152,1.32289,1.32287,1.31882,0.81,STOP,109.35,-110.97,5.67,-116.64,-1.07,EQUAL_HIGHS,false,CHOCH,14,6
pos-rs-ord-276,USDJPY,LONG,USDJPY-LONG-2013-01-02T01:45:00.000Z,2013-01-02T01:45:00.000Z,2013-01-02T02:10:00.000Z,2013-01-03T23:40:00.000Z,2730,86.876,87.566,86.531,87.566,0.29,TARGET,115.14,228.56,2.03,226.53,1.97,SWING_LOW,false,BOS,14,2
pos-rs-ord-278,EURUSD,SHORT,EURUSD-SHORT-2013-01-04T00:15:00.000Z,2013-01-04T00:15:00.000Z,2013-01-04T00:25:00.000Z,2013-01-04T08:00:00.000Z,455,1.30388,1.30088,1.30538,1.30088,0.74,TARGET,111,222,5.18,216.82,1.95,SWING_HIGH,false,BOS,14,0
pos-rs-ord-280,EURUSD,SHORT,EURUSD-SHORT-2013-01-09T01:00:00.000Z,2013-01-09T01:00:00.000Z,2013-01-09T01:30:00.000Z,2013-01-09T06:15:00.000Z,285,1.30813,1.3091,1.30908,1.30623,1.12,STOP,106.4,-108.64,7.84,-116.48,-1.09,SWING_HIGH,false,BOS,14,1
pos-rs-ord-281,GBPUSD,SHORT,GBPUSD-SHORT-2013-01-09T01:00:00.000Z,2013-01-09T01:00:00.000Z,2013-01-09T01:05:00.000Z,2013-01-09T08:55:00.000Z,470,1.6053,1.60681,1.60679,1.60232,0.75,STOP,111.75,-113.25,5.25,-118.5,-1.06,SWING_HIGH,false,CHOCH,14,1
pos-rs-ord-284,USDJPY,SHORT,USDJPY-SHORT-2013-01-23T00:00:00.000Z,2013-01-23T00:00:00.000Z,2013-01-23T00:00:00.000Z,2013-01-23T06:10:00.000Z,370,88.604,88.222,88.795,88.222,0.52,TARGET,112.2,224.94,3.64,221.3,1.97,SWING_HIGH,false,BOS,14,0
pos-rs-ord-287,GBPUSD,SHORT,GBPUSD-SHORT-2013-02-04T04:15:00.000Z,2013-02-04T04:15:00.000Z,2013-02-04T04:50:00.000Z,2013-02-04T07:25:00.000Z,155,1.56969,1.57098,1.57096,1.56715,0.86,STOP,109.22,-110.94,6.02,-116.96,-1.07,SWING_HIGH,false,CHOCH,14,4
pos-rs-ord-288,GBPUSD,LONG,GBPUSD-LONG-2013-02-04T14:15:00.000Z,2013-02-04T14:15:00.000Z,2013-02-04T14:25:00.000Z,2013-02-05T09:30:00.000Z,1145,1.57344,1.57902,1.57065,1.57902,0.41,TARGET,114.39,228.78,2.87,225.91,1.97,SWING_LOW,false,BOS,14,14
pos-rs-ord-289,USDJPY,LONG,USDJPY-LONG-2013-02-06T05:30:00.000Z,2013-02-06T05:30:00.000Z,2013-02-06T05:45:00.000Z,2013-02-06T06:00:00.000Z,15,93.883,93.701,93.703,94.243,0.59,STOP,113.02,-114.44,4.13,-118.57,-1.05,SWING_LOW,false,CHOCH,14,5
pos-rs-ord-291,GBPUSD,SHORT,GBPUSD-SHORT-2013-02-14T04:15:00.000Z,2013-02-14T04:15:00.000Z,2013-02-14T05:05:00.000Z,2013-02-14T08:25:00.000Z,200,1.55276,1.54978,1.55425,1.54978,0.75,TARGET,111.75,223.5,5.25,218.25,1.95,SWING_HIGH,false,BOS,14,5
pos-rs-ord-299,GBPUSD,SHORT,GBPUSD-SHORT-2013-03-07T07:45:00.000Z,2013-03-07T07:45:00.000Z,2013-03-07T07:45:00.000Z,2013-03-07T12:05:00.000Z,260,1.49876,1.50139,1.5013,1.49368,0.45,STOP,114.3,-118.35,3.15,-121.5,-1.06,ASIAN_HIGH,true,CHOCH,16,7
pos-rs-ord-304,GBPUSD,SHORT,GBPUSD-SHORT-2013-03-20T10:00:00.000Z,2013-03-20T10:00:00.000Z,2013-03-20T10:30:00.000Z,2013-03-20T10:35:00.000Z,5,1.50673,1.51119,1.51117,1.49785,0.26,STOP,115.44,-115.96,1.82,-117.78,-1.02,ASIAN_HIGH,true,BOS,16,10
pos-rs-ord-305,GBPUSD,LONG,GBPUSD-LONG-2013-03-22T07:30:00.000Z,2013-03-22T07:30:00.000Z,2013-03-22T07:35:00.000Z,2013-03-22T08:50:00.000Z,75,1.51889,1.51763,1.51765,1.52137,0.88,STOP,109.12,-110.88,6.16,-117.04,-1.07,SWING_LOW,false,CHOCH,14,7
pos-rs-ord-307,GBPUSD,LONG,GBPUSD-LONG-2013-03-25T01:00:00.000Z,2013-03-25T01:00:00.000Z,2013-03-25T01:00:00.000Z,2013-03-25T09:05:00.000Z,485,1.52381,1.52221,1.52223,1.52697,0.7,STOP,110.6,-112,4.9,-116.9,-1.06,PDL,true,CHOCH,16,1
pos-rs-ord-309,GBPUSD,LONG,GBPUSD-LONG-2013-04-02T04:45:00.000Z,2013-04-02T04:45:00.000Z,2013-04-02T05:20:00.000Z,2013-04-02T05:45:00.000Z,25,1.52427,1.52337,1.52339,1.52603,1.2,STOP,105.6,-108,8.4,-116.4,-1.1,SWING_LOW,false,BOS,14,5
pos-rs-ord-310,EURUSD,SHORT,EURUSD-SHORT-2013-04-03T07:30:00.000Z,2013-04-03T07:30:00.000Z,2013-04-03T07:45:00.000Z,2013-04-03T09:05:00.000Z,80,1.28014,1.28111,1.28109,1.27824,1.12,STOP,106.4,-108.64,7.84,-116.48,-1.09,SWING_HIGH,false,CHOCH,14,7
pos-rs-ord-315,USDJPY,LONG,USDJPY-LONG-2013-04-17T06:15:00.000Z,2013-04-17T06:15:00.000Z,2013-04-17T07:05:00.000Z,2013-04-17T08:50:00.000Z,105,98.271,98.066,98.068,98.677,0.54,STOP,111.48,-112.76,3.78,-116.54,-1.05,SWING_LOW,false,CHOCH,14,7
pos-rs-ord-316,USDJPY,SHORT,USDJPY-SHORT-2013-04-25T01:00:00.000Z,2013-04-25T01:00:00.000Z,2013-04-25T01:00:00.000Z,2013-04-25T05:45:00.000Z,285,99.477,99.307,99.562,99.307,1.22,TARGET,104.3,208.81,8.54,200.27,1.92,SWING_HIGH,false,CHOCH,14,1
pos-rs-ord-318,EURUSD,LONG,EURUSD-LONG-2013-04-29T13:30:00.000Z,2013-04-29T13:30:00.000Z,2013-04-29T13:30:00.000Z,2013-04-29T14:25:00.000Z,55,1.30962,1.30777,1.30779,1.31328,0.61,STOP,111.63,-112.85,4.27,-117.12,-1.05,SWING_LOW,false,CHOCH,14,13
pos-rs-ord-322,EURUSD,LONG,EURUSD-LONG-2013-05-03T15:30:00.000Z,2013-05-03T15:30:00.000Z,2013-05-03T15:50:00.000Z,2013-05-03T20:00:00.000Z,250,1.31278,1.31083,1.3031,1.33214,0.12,PROTECTIVE,116.16,-23.4,0.84,-24.24,-0.21,PDL,true,CHOCH,16,15
pos-rs-ord-327,USDJPY,LONG,USDJPY-LONG-2013-05-17T09:45:00.000Z,2013-05-17T09:45:00.000Z,2013-05-17T10:15:00.000Z,2013-05-17T10:40:00.000Z,25,102.54,102.434,102.436,102.748,1.05,STOP,106.47,-108.62,7.35,-115.97,-1.09,SWING_LOW,false,BOS,14,10
pos-rs-ord-331,GBPUSD,SHORT,GBPUSD-SHORT-2013-05-23T07:15:00.000Z,2013-05-23T07:15:00.000Z,2013-05-23T07:15:00.000Z,2013-05-23T08:30:00.000Z,75,1.50393,1.50526,1.50524,1.50131,0.83,STOP,108.73,-110.39,5.81,-116.2,-1.07,ASIAN_HIGH,true,CHOCH,16,7
pos-rs-ord-332,GBPUSD,LONG,GBPUSD-LONG-2013-05-24T05:45:00.000Z,2013-05-24T05:45:00.000Z,2013-05-24T05:50:00.000Z,2013-05-24T20:00:00.000Z,850,1.50904,1.51347,1.50625,1.51462,0.4,PROTECTIVE,111.6,177.2,2.8,174.4,1.56,SWING_LOW,false,CHOCH,14,5
pos-rs-ord-333,GBPUSD,LONG,GBPUSD-LONG-2013-06-07T00:30:00.000Z,2013-06-07T00:30:00.000Z,2013-06-07T00:30:00.000Z,2013-06-07T08:05:00.000Z,455,1.56013,1.55799,1.55801,1.56437,0.53,STOP,112.36,-113.42,3.71,-117.13,-1.04,SWING_LOW,false,CHOCH,14,0
pos-rs-ord-335,USDJPY,LONG,USDJPY-LONG-2013-06-10T14:30:00.000Z,2013-06-10T14:30:00.000Z,2013-06-10T15:00:00.000Z,2013-06-11T03:50:00.000Z,770,98.908,98.433,98.435,99.854,0.24,STOP,114.61,-115.45,1.68,-117.13,-1.02,SWING_LOW,false,BOS,14,15
pos-rs-ord-336,EURUSD,LONG,EURUSD-LONG-2013-06-11T09:45:00.000Z,2013-06-11T09:45:00.000Z,2013-06-11T10:35:00.000Z,2013-06-11T13:40:00.000Z,185,1.32742,1.32556,1.32558,1.3311,0.6,STOP,110.4,-111.6,4.2,-115.8,-1.05,SWING_LOW,false,CHOCH,14,10
pos-rs-ord-337,GBPUSD,LONG,GBPUSD-LONG-2013-06-21T07:30:00.000Z,2013-06-21T07:30:00.000Z,2013-06-21T08:00:00.000Z,2013-06-21T08:25:00.000Z,25,1.55043,1.5488,1.54882,1.55365,0.68,STOP,109.48,-110.84,4.76,-115.6,-1.06,ASIAN_LOW,true,BOS,16,8
pos-rs-ord-339,USDJPY,LONG,USDJPY-LONG-2013-06-27T14:15:00.000Z,2013-06-27T14:15:00.000Z,2013-06-27T14:30:00.000Z,2013-06-28T10:20:00.000Z,1190,98.226,99.038,97.82,99.038,0.27,TARGET,111.58,221.55,1.89,219.66,1.97,SWING_LOW,false,BOS,14,14
pos-rs-ord-342,USDJPY,LONG,USDJPY-LONG-2013-07-03T00:15:00.000Z,2013-07-03T00:15:00.000Z,2013-07-03T01:00:00.000Z,2013-07-03T02:35:00.000Z,95,100.717,100.571,100.573,101.005,0.76,STOP,108.62,-110.25,5.32,-115.57,-1.06,SWING_LOW,false,BOS,14,1
pos-rs-ord-343,USDJPY,SHORT,USDJPY-SHORT-2013-07-04T08:00:00.000Z,2013-07-04T08:00:00.000Z,2013-07-04T08:10:00.000Z,2013-07-04T13:45:00.000Z,335,99.692,99.905,99.903,99.27,0.52,STOP,110.13,-110.97,3.64,-114.61,-1.04,SWING_HIGH,false,CHOCH,14,8
pos-rs-ord-346,GBPUSD,LONG,GBPUSD-LONG-2013-07-09T09:30:00.000Z,2013-07-09T09:30:00.000Z,2013-07-09T09:30:00.000Z,2013-07-09T09:35:00.000Z,5,1.49632,1.49472,1.49474,1.49948,0.69,STOP,109.02,-110.4,4.83,-115.23,-1.06,SWING_LOW,false,BOS,14,9
pos-rs-ord-347,GBPUSD,LONG,GBPUSD-LONG-2013-07-19T12:30:00.000Z,2013-07-19T12:30:00.000Z,2013-07-19T12:35:00.000Z,2013-07-19T20:00:00.000Z,445,1.52643,1.52608,1.52314,1.53301,0.34,PROTECTIVE,111.86,-11.9,2.38,-14.28,-0.13,SWING_LOW,false,BOS,14,12
pos-rs-ord-350,EURUSD,LONG,EURUSD-LONG-2013-07-30T13:00:00.000Z,2013-07-30T13:00:00.000Z,2013-07-30T13:00:00.000Z,2013-07-30T15:10:00.000Z,130,1.32829,1.3262,1.32622,1.33243,0.53,STOP,109.71,-110.77,3.71,-114.48,-1.04,SWING_LOW,false,BOS,14,13
pos-rs-ord-353,EURUSD,LONG,EURUSD-LONG-2013-08-02T14:00:00.000Z,2013-08-02T14:00:00.000Z,2013-08-02T14:10:00.000Z,2013-08-02T20:00:00.000Z,350,1.32363,1.32843,1.31885,1.33319,0.23,PROTECTIVE,109.94,110.4,1.61,108.79,0.99,SWING_LOW,false,CHOCH,14,14
pos-rs-ord-357,GBPUSD,SHORT,GBPUSD-SHORT-2013-08-14T08:30:00.000Z,2013-08-14T08:30:00.000Z,2013-08-14T08:30:00.000Z,2013-08-14T09:30:00.000Z,60,1.54423,1.54537,1.54535,1.54199,0.94,STOP,105.28,-107.16,6.58,-113.74,-1.08,ASIAN_HIGH,true,BOS,16,8
pos-rs-ord-361,EURUSD,SHORT,EURUSD-SHORT-2013-09-04T09:15:00.000Z,2013-09-04T09:15:00.000Z,2013-09-04T09:25:00.000Z,2013-09-04T10:05:00.000Z,40,1.31688,1.31778,1.31776,1.31512,1.17,STOP,102.96,-105.3,8.19,-113.49,-1.1,SWING_HIGH,false,BOS,14,9
pos-rs-ord-365,GBPUSD,SHORT,GBPUSD-SHORT-2013-09-13T06:45:00.000Z,2013-09-13T06:45:00.000Z,2013-09-13T07:00:00.000Z,2013-09-13T07:45:00.000Z,45,1.57842,1.57963,1.57961,1.57604,0.89,STOP,105.91,-107.69,6.23,-113.92,-1.08,SWING_HIGH,false,CHOCH,14,7
pos-rs-ord-366,USDJPY,SHORT,USDJPY-SHORT-2013-09-16T14:00:00.000Z,2013-09-16T14:00:00.000Z,2013-09-16T14:25:00.000Z,2013-09-16T16:40:00.000Z,135,98.743,98.947,98.945,98.339,0.53,STOP,108.43,-109.31,3.71,-113.02,-1.04,SWING_HIGH,false,CHOCH,14,14
pos-rs-ord-367,EURUSD,SHORT,EURUSD-SHORT-2013-09-20T13:15:00.000Z,2013-09-20T13:15:00.000Z,2013-09-20T13:40:00.000Z,2013-09-20T20:00:00.000Z,380,1.35289,1.3521,1.3549,1.34887,0.54,PROTECTIVE,108.54,42.66,3.78,38.88,0.36,SWING_HIGH,false,BOS,14,13
pos-rs-ord-368,GBPUSD,LONG,GBPUSD-LONG-2013-09-23T07:15:00.000Z,2013-09-23T07:15:00.000Z,2013-09-23T08:00:00.000Z,2013-09-23T09:05:00.000Z,65,1.60252,1.60472,1.60142,1.60472,0.95,TARGET,104.5,209,6.65,202.35,1.94,SWING_LOW,false,CHOCH,14,8
pos-rs-ord-370,EURUSD,SHORT,EURUSD-SHORT-2013-10-09T12:30:00.000Z,2013-10-09T12:30:00.000Z,2013-10-09T12:30:00.000Z,2013-10-10T12:15:00.000Z,1425,1.35165,1.35366,1.35364,1.34767,0.55,STOP,109.45,-110.55,3.85,-114.4,-1.05,SWING_HIGH,false,BOS,14,12
pos-rs-ord-372,USDJPY,LONG,USDJPY-LONG-2013-10-10T23:00:00.000Z,2013-10-10T23:00:00.000Z,2013-10-10T23:05:00.000Z,2013-10-10T23:15:00.000Z,10,98.231,98.134,98.136,98.421,1.07,STOP,103.46,-105.63,7.49,-113.12,-1.09,SWING_LOW,false,BOS,14,23
pos-rs-ord-374,GBPUSD,LONG,GBPUSD-LONG-2013-10-14T12:15:00.000Z,2013-10-14T12:15:00.000Z,2013-10-14T12:20:00.000Z,2013-10-15T01:55:00.000Z,815,1.59827,1.59529,1.59531,1.60419,0.37,STOP,109.52,-110.26,2.59,-112.85,-1.03,ASIAN_LOW,true,CHOCH,16,12
pos-rs-ord-375,GBPUSD,LONG,GBPUSD-LONG-2013-10-17T07:15:00.000Z,2013-10-17T07:15:00.000Z,2013-10-17T07:45:00.000Z,2013-10-17T08:30:00.000Z,45,1.5985,1.60154,1.59698,1.60154,0.7,TARGET,106.4,212.8,4.9,207.9,1.95,SWING_LOW,false,CHOCH,14,7
pos-rs-ord-378,GBPUSD,LONG,GBPUSD-LONG-2013-10-24T07:15:00.000Z,2013-10-24T07:15:00.000Z,2013-10-24T07:55:00.000Z,2013-10-24T08:25:00.000Z,30,1.61989,1.6184,1.61842,1.62283,0.73,STOP,107.31,-108.77,5.11,-113.88,-1.06,SWING_LOW,false,CHOCH,14,7
pos-rs-ord-381,GBPUSD,SHORT,GBPUSD-SHORT-2013-11-11T16:15:00.000Z,2013-11-11T16:15:00.000Z,2013-11-11T16:25:00.000Z,2013-11-11T19:10:00.000Z,165,1.59782,1.59892,1.5989,1.59566,0.97,STOP,104.76,-106.7,6.79,-113.49,-1.08,SWING_HIGH,false,CHOCH,14,16
pos-rs-ord-383,USDJPY,LONG,USDJPY-LONG-2013-11-17T23:30:00.000Z,2013-11-17T23:30:00.000Z,2013-11-18T00:05:00.000Z,2013-11-18T03:35:00.000Z,210,100.283,100.149,100.151,100.547,0.81,STOP,106.59,-108.32,5.67,-113.99,-1.07,SWING_LOW,false,CHOCH,14,0
pos-rs-ord-384,GBPUSD,SHORT,GBPUSD-SHORT-2013-11-20T10:00:00.000Z,2013-11-20T10:00:00.000Z,2013-11-20T10:00:00.000Z,2013-11-20T10:10:00.000Z,10,1.61334,1.61529,1.61527,1.60948,0.56,STOP,108.08,-109.2,3.92,-113.12,-1.05,SWING_HIGH,false,CHOCH,14,10
pos-rs-ord-385,GBPUSD,LONG,GBPUSD-LONG-2013-11-22T12:45:00.000Z,2013-11-22T12:45:00.000Z,2013-11-22T12:55:00.000Z,2013-11-22T16:00:00.000Z,185,1.62028,1.61861,1.61863,1.62358,0.65,STOP,107.25,-108.55,4.55,-113.1,-1.05,SWING_LOW,false,CHOCH,14,12
pos-rs-ord-390,GBPUSD,SHORT,GBPUSD-SHORT-2013-12-04T14:15:00.000Z,2013-12-04T14:15:00.000Z,2013-12-04T14:40:00.000Z,2013-12-04T17:30:00.000Z,170,1.63458,1.63764,1.63762,1.6285,0.36,STOP,109.44,-110.16,2.52,-112.68,-1.03,SWING_HIGH,false,CHOCH,14,14
pos-rs-ord-394,USDJPY,LONG,USDJPY-LONG-2013-12-09T08:30:00.000Z,2013-12-09T08:30:00.000Z,2013-12-09T08:35:00.000Z,2013-12-09T13:00:00.000Z,265,103.093,102.986,102.988,103.303,1.01,STOP,102.83,-104.92,7.07,-111.99,-1.09,SWING_LOW,false,BOS,14,8
pos-rs-ord-395,USDJPY,LONG,USDJPY-LONG-2013-12-12T14:00:00.000Z,2013-12-12T14:00:00.000Z,2013-12-12T14:00:00.000Z,2013-12-12T18:55:00.000Z,295,102.862,103.306,102.64,103.306,0.5,TARGET,107.78,214.94,3.5,211.44,1.96,SWING_LOW,false,CHOCH,14,14
pos-rs-ord-396,EURUSD,LONG,EURUSD-LONG-2013-12-16T09:45:00.000Z,2013-12-16T09:45:00.000Z,2013-12-16T10:10:00.000Z,2013-12-17T14:20:00.000Z,1690,1.37648,1.37385,1.37387,1.3817,0.42,STOP,109.62,-110.46,2.94,-113.4,-1.03,SWING_LOW,false,CHOCH,14,10
pos-rs-ord-397,USDJPY,LONG,USDJPY-LONG-2013-12-18T19:30:00.000Z,2013-12-18T19:30:00.000Z,2013-12-18T19:30:00.000Z,2013-12-20T00:35:00.000Z,1745,103.283,104.419,102.715,104.419,0.2,TARGET,109.89,217.82,1.4,216.42,1.97,SWING_LOW,false,CHOCH,14,19
pos-rs-ord-399,USDJPY,SHORT,USDJPY-SHORT-2014-01-03T14:45:00.000Z,2014-01-03T14:45:00.000Z,2014-01-03T14:45:00.000Z,2014-01-03T16:10:00.000Z,85,104.39,104.539,104.537,104.096,0.75,STOP,105.66,-106.96,5.25,-112.21,-1.06,SWING_HIGH,false,CHOCH,14,14
pos-rs-ord-401,USDJPY,LONG,USDJPY-LONG-2014-01-08T07:30:00.000Z,2014-01-08T07:30:00.000Z,2014-01-08T08:15:00.000Z,2014-01-08T10:35:00.000Z,140,104.952,104.825,104.827,105.202,0.88,STOP,104.77,-106.56,6.16,-112.72,-1.08,SWING_LOW,false,BOS,14,8
pos-rs-ord-403,USDJPY,LONG,USDJPY-LONG-2014-01-08T14:45:00.000Z,2014-01-08T14:45:00.000Z,2014-01-08T14:45:00.000Z,2014-01-08T19:05:00.000Z,260,104.809,105.041,104.693,105.041,0.94,TARGET,104.02,207.76,6.58,201.18,1.93,SWING_LOW,false,CHOCH,14,14
pos-rs-ord-402,GBPUSD,LONG,GBPUSD-LONG-2014-01-08T14:30:00.000Z,2014-01-08T14:30:00.000Z,2014-01-08T14:35:00.000Z,2014-01-10T13:30:00.000Z,2815,1.64394,1.63976,1.63978,1.65226,0.26,STOP,108.16,-108.68,1.82,-110.5,-1.02,SWING_LOW,false,BOS,14,14
pos-rs-ord-405,USDJPY,LONG,USDJPY-LONG-2014-01-22T05:45:00.000Z,2014-01-22T05:45:00.000Z,2014-01-22T06:05:00.000Z,2014-01-23T13:35:00.000Z,1890,104.418,103.958,103.96,105.334,0.25,STOP,109.63,-110.55,1.75,-112.3,-1.02,PDL,true,CHOCH,16,6
pos-rs-ord-407,GBPUSD,SHORT,GBPUSD-SHORT-2014-02-05T06:45:00.000Z,2014-02-05T06:45:00.000Z,2014-02-05T06:50:00.000Z,2014-02-05T07:30:00.000Z,40,1.63332,1.63182,1.63407,1.63182,1.32,TARGET,99,198,9.24,188.76,1.91,ASIAN_HIGH,true,CHOCH,16,6
pos-rs-ord-408,USDJPY,LONG,USDJPY-LONG-2014-02-07T14:45:00.000Z,2014-02-07T14:45:00.000Z,2014-02-07T14:50:00.000Z,2014-02-07T21:00:00.000Z,370,102.318,102.256,101.426,104.102,0.13,PROTECTIVE,113.3,-7.88,0.91,-8.79,-0.08,ASIAN_LOW,true,CHOCH,16,14
pos-rs-ord-409,EURUSD,LONG,EURUSD-LONG-2014-02-10T16:15:00.000Z,2014-02-10T16:15:00.000Z,2014-02-10T16:30:00.000Z,2014-02-11T00:55:00.000Z,505,1.36422,1.367,1.36283,1.367,0.76,TARGET,105.64,211.28,5.32,205.96,1.95,EQUAL_LOWS,false,CHOCH,14,16
pos-rs-ord-410,USDJPY,SHORT,USDJPY-SHORT-2014-02-11T00:15:00.000Z,2014-02-11T00:15:00.000Z,2014-02-11T00:15:00.000Z,2014-02-11T05:25:00.000Z,310,102.162,102.269,102.267,101.952,0.83,STOP,85.31,-86.86,5.81,-92.67,-1.09,SWING_HIGH,false,BOS,14,0
pos-rs-ord-414,GBPUSD,LONG,GBPUSD-LONG-2014-02-25T08:00:00.000Z,2014-02-25T08:00:00.000Z,2014-02-25T08:30:00.000Z,2014-02-25T09:30:00.000Z,60,1.6668,1.66854,1.66593,1.66854,1.17,TARGET,101.79,203.58,8.19,195.39,1.92,SWING_LOW,false,CHOCH,14,8
pos-rs-ord-415,USDJPY,LONG,USDJPY-LONG-2014-02-28T15:00:00.000Z,2014-02-28T15:00:00.000Z,2014-02-28T15:55:00.000Z,2014-02-28T20:05:00.000Z,250,102.076,101.773,101.775,102.678,0.37,STOP,109.06,-110.14,2.59,-112.73,-1.03,SWING_LOW,false,BOS,14,15
pos-rs-ord-416,EURUSD,SHORT,EURUSD-SHORT-2014-03-04T02:00:00.000Z,2014-03-04T02:00:00.000Z,2014-03-04T02:00:00.000Z,2014-03-04T06:05:00.000Z,245,1.37264,1.37388,1.37386,1.3702,0.86,STOP,104.92,-106.64,6.02,-112.66,-1.07,SWING_HIGH,false,BOS,14,2
pos-rs-ord-417,EURUSD,SHORT,EURUSD-SHORT-2014-03-06T08:30:00.000Z,2014-03-06T08:30:00.000Z,2014-03-06T09:15:00.000Z,2014-03-06T11:00:00.000Z,105,1.37313,1.37387,1.37385,1.37169,1.37,STOP,98.64,-101.38,9.59,-110.97,-1.12,ASIAN_HIGH,true,CHOCH,16,9
pos-rs-ord-418,GBPUSD,SHORT,GBPUSD-SHORT-2014-03-07T07:15:00.000Z,2014-03-07T07:15:00.000Z,2014-03-07T07:30:00.000Z,2014-03-07T08:40:00.000Z,70,1.67334,1.67433,1.67431,1.6714,1.05,STOP,101.85,-103.95,7.35,-111.3,-1.09,ASIAN_HIGH,true,CHOCH,16,7
pos-rs-ord-419,EURUSD,SHORT,EURUSD-SHORT-2014-03-12T09:00:00.000Z,2014-03-12T09:00:00.000Z,2014-03-12T09:10:00.000Z,2014-03-12T10:45:00.000Z,95,1.38513,1.38615,1.38613,1.38313,1.02,STOP,102,-104.04,7.14,-111.18,-1.09,SWING_HIGH,false,CHOCH,14,9
pos-rs-ord-422,EURUSD,SHORT,EURUSD-SHORT-2014-03-28T00:30:00.000Z,2014-03-28T00:30:00.000Z,2014-03-28T00:30:00.000Z,2014-03-28T03:05:00.000Z,155,1.37415,1.3746,1.37458,1.37329,2.08,STOP,89.44,-93.6,14.56,-108.16,-1.21,SWING_HIGH,false,CHOCH,14,0
pos-rs-ord-423,USDJPY,SHORT,USDJPY-SHORT-2014-04-04T15:00:00.000Z,2014-04-04T15:00:00.000Z,2014-04-04T15:05:00.000Z,2014-04-04T20:00:00.000Z,295,103.728,103.241,104.133,102.918,0.28,PROTECTIVE,109.37,132.09,1.96,130.13,1.19,PDH,true,CHOCH,16,15
pos-rs-ord-430,EURUSD,SHORT,EURUSD-SHORT-2014-04-14T07:30:00.000Z,2014-04-14T07:30:00.000Z,2014-04-14T08:05:00.000Z,2014-04-14T08:30:00.000Z,25,1.38474,1.38585,1.38583,1.38256,0.95,STOP,103.55,-105.45,6.65,-112.1,-1.08,ASIAN_HIGH,true,CHOCH,16,8
pos-rs-ord-432,EURUSD,LONG,EURUSD-LONG-2014-04-18T14:15:00.000Z,2014-04-18T14:15:00.000Z,2014-04-18T14:15:00.000Z,2014-04-18T15:55:00.000Z,100,1.38179,1.3815,1.38152,1.38233,2.94,STOP,79.38,-85.26,20.58,-105.84,-1.33,SWING_LOW,false,CHOCH,14,14
pos-rs-ord-435,USDJPY,SHORT,USDJPY-SHORT-2014-04-23T16:45:00.000Z,2014-04-23T16:45:00.000Z,2014-04-23T17:15:00.000Z,2014-04-23T19:55:00.000Z,160,102.273,102.392,102.39,102.039,0.9,STOP,102.96,-104.61,6.3,-110.91,-1.08,SWING_HIGH,false,CHOCH,14,17
pos-rs-ord-436,GBPUSD,SHORT,GBPUSD-SHORT-2014-05-02T07:00:00.000Z,2014-05-02T07:00:00.000Z,2014-05-02T07:05:00.000Z,2014-05-02T07:10:00.000Z,5,1.68828,1.68858,1.68856,1.68772,2.85,STOP,79.8,-85.5,19.95,-105.45,-1.32,SWING_HIGH,false,CHOCH,14,7
pos-rs-ord-439,EURUSD,SHORT,EURUSD-SHORT-2014-05-09T08:00:00.000Z,2014-05-09T08:00:00.000Z,2014-05-09T08:05:00.000Z,2014-05-09T12:00:00.000Z,235,1.38294,1.38018,1.38432,1.38018,0.75,TARGET,103.5,207,5.25,201.75,1.95,SWING_HIGH,false,CHOCH,14,8
pos-rs-ord-440,EURUSD,LONG,EURUSD-LONG-2014-05-19T15:45:00.000Z,2014-05-19T15:45:00.000Z,2014-05-19T15:45:00.000Z,2014-05-20T07:35:00.000Z,950,1.37246,1.37016,1.37018,1.37702,0.47,STOP,107.16,-108.1,3.29,-111.39,-1.04,SWING_LOW,false,BOS,14,15
pos-rs-ord-441,GBPUSD,LONG,GBPUSD-LONG-2014-05-26T16:00:00.000Z,2014-05-26T16:00:00.000Z,2014-05-26T16:05:00.000Z,2014-05-27T01:45:00.000Z,580,1.6843,1.68614,1.68338,1.68614,1.09,TARGET,100.28,200.56,7.63,192.93,1.92,SWING_LOW,false,CHOCH,14,16
pos-rs-ord-443,EURUSD,SHORT,EURUSD-SHORT-2014-06-05T14:00:00.000Z,2014-06-05T14:00:00.000Z,2014-06-05T14:25:00.000Z,2014-06-05T15:30:00.000Z,65,1.35584,1.36454,1.36452,1.33848,0.13,STOP,112.84,-113.1,0.91,-114.01,-1.01,PDH,true,CHOCH,16,14
pos-rs-ord-449,USDJPY,LONG,USDJPY-LONG-2014-07-15T02:00:00.000Z,2014-07-15T02:00:00.000Z,2014-07-15T02:30:00.000Z,2014-07-15T09:10:00.000Z,400,101.588,101.521,101.523,101.718,1.5,STOP,95.97,-98.96,10.5,-109.46,-1.14,SWING_LOW,false,CHOCH,14,2
pos-rs-ord-452,USDJPY,LONG,USDJPY-LONG-2014-07-18T14:30:00.000Z,2014-07-18T14:30:00.000Z,2014-07-18T15:00:00.000Z,2014-07-18T20:00:00.000Z,300,101.366,101.351,101.272,101.554,1.08,PROTECTIVE,100.13,-15.98,7.56,-23.54,-0.24,SWING_LOW,false,CHOCH,14,15
pos-rs-ord-459,GBPUSD,SHORT,GBPUSD-SHORT-2014-09-03T03:00:00.000Z,2014-09-03T03:00:00.000Z,2014-09-03T03:00:00.000Z,2014-09-03T04:55:00.000Z,115,1.64662,1.64528,1.64729,1.64528,1.44,TARGET,96.48,192.96,10.08,182.88,1.9,SWING_HIGH,false,BOS,14,3
pos-rs-ord-460,GBPUSD,LONG,GBPUSD-LONG-2014-09-12T08:00:00.000Z,2014-09-12T08:00:00.000Z,2014-09-12T08:00:00.000Z,2014-09-12T12:35:00.000Z,275,1.62408,1.62158,1.6216,1.62904,0.44,STOP,109.12,-110,3.08,-113.08,-1.04,ASIAN_LOW,true,BOS,16,8
pos-rs-ord-461,USDJPY,LONG,USDJPY-LONG-2014-09-12T14:30:00.000Z,2014-09-12T14:30:00.000Z,2014-09-12T15:05:00.000Z,2014-09-12T20:00:00.000Z,295,107.234,107.314,107.091,107.52,0.78,PROTECTIVE,103.98,58.14,5.46,52.68,0.51,SWING_LOW,false,BOS,14,15
pos-rs-ord-464,GBPUSD,LONG,GBPUSD-LONG-2014-09-24T10:30:00.000Z,2014-09-24T10:30:00.000Z,2014-09-24T10:45:00.000Z,2014-09-24T14:10:00.000Z,205,1.63938,1.63711,1.63713,1.64388,0.48,STOP,108,-108.96,3.36,-112.32,-1.04,SWING_LOW,false,CHOCH,14,10
pos-rs-ord-465,USDJPY,SHORT,USDJPY-SHORT-2014-10-02T14:30:00.000Z,2014-10-02T14:30:00.000Z,2014-10-02T14:30:00.000Z,2014-10-03T03:00:00.000Z,750,108.58,108.899,108.897,107.946,0.37,STOP,108.13,-108.45,2.59,-111.04,-1.03,SWING_HIGH,false,CHOCH,14,14
pos-rs-ord-467,EURUSD,LONG,EURUSD-LONG-2014-10-07T08:30:00.000Z,2014-10-07T08:30:00.000Z,2014-10-07T08:50:00.000Z,2014-10-07T10:40:00.000Z,110,1.26404,1.26063,1.26065,1.27082,0.32,STOP,108.48,-109.12,2.24,-111.36,-1.03,SWING_LOW,false,BOS,14,8
pos-rs-ord-469,EURUSD,LONG,EURUSD-LONG-2014-10-08T16:15:00.000Z,2014-10-08T16:15:00.000Z,2014-10-08T16:20:00.000Z,2014-10-08T18:35:00.000Z,135,1.26724,1.26566,1.26568,1.27036,0.67,STOP,104.52,-105.86,4.69,-110.55,-1.06,SWING_LOW,false,BOS,14,16
pos-rs-ord-473,USDJPY,LONG,USDJPY-LONG-2014-10-22T06:15:00.000Z,2014-10-22T06:15:00.000Z,2014-10-22T06:55:00.000Z,2014-10-22T07:20:00.000Z,25,106.955,106.824,106.826,107.213,0.85,STOP,102.48,-104.2,5.95,-110.15,-1.07,SWING_LOW,false,CHOCH,14,6
pos-rs-ord-474,EURUSD,SHORT,EURUSD-SHORT-2014-10-23T08:00:00.000Z,2014-10-23T08:00:00.000Z,2014-10-23T08:30:00.000Z,2014-10-23T08:35:00.000Z,5,1.26426,1.26511,1.26509,1.2626,1.18,STOP,97.94,-100.3,8.26,-108.56,-1.11,ASIAN_HIGH,true,CHOCH,16,8
pos-rs-ord-476,EURUSD,LONG,EURUSD-LONG-2014-10-24T02:00:00.000Z,2014-10-24T02:00:00.000Z,2014-10-24T02:10:00.000Z,2014-10-24T07:30:00.000Z,320,1.26523,1.26639,1.26465,1.26639,1.6,TARGET,92.8,185.6,11.2,174.4,1.88,SWING_LOW,false,CHOCH,14,2
pos-rs-ord-478,USDJPY,LONG,USDJPY-LONG-2014-11-03T07:45:00.000Z,2014-11-03T07:45:00.000Z,2014-11-03T07:45:00.000Z,2014-11-03T10:20:00.000Z,155,112.734,113.06,112.571,113.06,0.72,TARGET,104.07,207.8,5.04,202.76,1.95,SWING_LOW,false,CHOCH,14,7
pos-rs-ord-479,GBPUSD,SHORT,GBPUSD-SHORT-2014-11-07T10:00:00.000Z,2014-11-07T10:00:00.000Z,2014-11-07T10:05:00.000Z,2014-11-07T13:35:00.000Z,210,1.582,1.58547,1.5847,1.5766,0.4,STOP,108,-138.8,2.8,-141.6,-1.31,SWING_HIGH,false,BOS,14,10
pos-rs-ord-480,USDJPY,LONG,USDJPY-LONG-2014-11-07T12:45:00.000Z,2014-11-07T12:45:00.000Z,2014-11-07T13:30:00.000Z,2014-11-07T13:35:00.000Z,5,115.248,115.125,115.127,115.49,0.96,STOP,101.22,-102.89,6.72,-109.61,-1.08,SWING_LOW,false,CHOCH,14,13
pos-rs-ord-482,EURUSD,LONG,EURUSD-LONG-2014-11-19T14:00:00.000Z,2014-11-19T14:00:00.000Z,2014-11-19T14:30:00.000Z,2014-11-19T15:15:00.000Z,45,1.2547,1.25286,1.25288,1.25834,0.58,STOP,105.56,-106.72,4.06,-110.78,-1.05,SWING_LOW,false,CHOCH,14,14
pos-rs-ord-483,GBPUSD,SHORT,GBPUSD-SHORT-2014-12-04T09:45:00.000Z,2014-12-04T09:45:00.000Z,2014-12-04T09:50:00.000Z,2014-12-04T13:55:00.000Z,245,1.56734,1.57033,1.57031,1.5614,0.36,STOP,106.92,-107.64,2.52,-110.16,-1.03,SWING_HIGH,false,BOS,14,9
pos-rs-ord-485,EURUSD,LONG,EURUSD-LONG-2014-12-14T23:00:00.000Z,2014-12-14T23:00:00.000Z,2014-12-14T23:00:00.000Z,2014-12-15T03:40:00.000Z,280,1.24712,1.24433,1.24435,1.25266,0.38,STOP,105.26,-106.02,2.66,-108.68,-1.03,SWING_LOW,false,CHOCH,14,23
pos-rs-ord-486,EURUSD,SHORT,EURUSD-SHORT-2014-12-15T08:30:00.000Z,2014-12-15T08:30:00.000Z,2014-12-15T08:40:00.000Z,2014-12-15T16:45:00.000Z,485,1.24446,1.2474,1.24738,1.23862,0.36,STOP,105.12,-105.84,2.52,-108.36,-1.03,SWING_HIGH,false,CHOCH,14,8
pos-rs-ord-488,USDJPY,LONG,USDJPY-LONG-2014-12-17T15:30:00.000Z,2014-12-17T15:30:00.000Z,2014-12-17T15:30:00.000Z,2014-12-17T19:45:00.000Z,255,117.242,118.106,116.81,118.106,0.29,TARGET,106.82,212.61,2.03,210.58,1.97,SWING_LOW,false,BOS,14,15
pos-rs-ord-491,EURUSD,SHORT,EURUSD-SHORT-2014-12-22T23:45:00.000Z,2014-12-22T23:45:00.000Z,2014-12-23T00:15:00.000Z,2014-12-23T01:30:00.000Z,75,1.22254,1.22332,1.2233,1.22102,1.27,STOP,96.52,-99.06,8.89,-107.95,-1.12,SWING_HIGH,false,BOS,14,0
pos-rs-ord-492,GBPUSD,LONG,GBPUSD-LONG-2014-12-24T18:45:00.000Z,2014-12-24T18:45:00.000Z,2014-12-24T18:55:00.000Z,2014-12-26T21:00:00.000Z,3005,1.55571,1.55529,1.55361,1.55991,0.5,PROTECTIVE,105,-21,3.5,-24.5,-0.23,SWING_LOW,false,BOS,14,18
pos-rs-ord-494,EURUSD,SHORT,EURUSD-SHORT-2015-01-02T07:30:00.000Z,2015-01-02T07:30:00.000Z,2015-01-02T07:45:00.000Z,2015-01-02T08:00:00.000Z,15,1.20512,1.20588,1.20586,1.20364,1.3,STOP,96.2,-98.8,9.1,-107.9,-1.12,SWING_HIGH,false,BOS,14,7
pos-rs-ord-498,GBPUSD,LONG,GBPUSD-LONG-2015-01-11T22:45:00.000Z,2015-01-11T22:45:00.000Z,2015-01-11T23:15:00.000Z,2015-01-12T07:50:00.000Z,515,1.51804,1.51515,1.51517,1.52378,0.37,STOP,106.19,-106.93,2.59,-109.52,-1.03,SWING_LOW,false,BOS,14,23
pos-rs-ord-499,EURUSD,LONG,EURUSD-LONG-2015-01-16T07:00:00.000Z,2015-01-16T07:00:00.000Z,2015-01-16T07:00:00.000Z,2015-01-16T08:55:00.000Z,115,1.16353,1.16212,1.16214,1.16631,0.73,STOP,101.47,-102.93,5.11,-108.04,-1.06,SWING_LOW,false,CHOCH,14,7
pos-rs-ord-501,GBPUSD,LONG,GBPUSD-LONG-2015-01-27T01:45:00.000Z,2015-01-27T01:45:00.000Z,2015-01-27T01:45:00.000Z,2015-01-27T07:55:00.000Z,370,1.50976,1.50785,1.50787,1.51354,0.55,STOP,103.95,-105.05,3.85,-108.9,-1.05,SWING_LOW,false,BOS,14,1
pos-rs-ord-502,USDJPY,SHORT,USDJPY-SHORT-2015-02-02T15:30:00.000Z,2015-02-02T15:30:00.000Z,2015-02-02T16:05:00.000Z,2015-02-03T14:00:00.000Z,1315,117.439,117.721,117.719,116.879,0.44,STOP,104.96,-105.47,3.08,-108.55,-1.03,SWING_HIGH,false,CHOCH,14,16
pos-rs-ord-504,USDJPY,SHORT,USDJPY-SHORT-2015-02-10T01:15:00.000Z,2015-02-10T01:15:00.000Z,2015-02-10T01:30:00.000Z,2015-02-10T07:30:00.000Z,360,118.516,118.67,118.668,118.212,0.79,STOP,101.33,-102.54,5.53,-108.07,-1.07,SWING_HIGH,false,CHOCH,14,1
pos-rs-ord-508,GBPUSD,LONG,GBPUSD-LONG-2015-02-18T19:30:00.000Z,2015-02-18T19:30:00.000Z,2015-02-18T19:55:00.000Z,2015-02-19T13:25:00.000Z,1050,1.54402,1.54146,1.54148,1.5491,0.41,STOP,104.14,-104.96,2.87,-107.83,-1.04,EQUAL_LOWS,false,BOS,14,19
pos-rs-ord-510,EURUSD,LONG,EURUSD-LONG-2015-02-26T04:30:00.000Z,2015-02-26T04:30:00.000Z,2015-02-26T05:15:00.000Z,2015-02-26T07:35:00.000Z,140,1.13704,1.13627,1.13629,1.13854,1.26,STOP,94.5,-97.02,8.82,-105.84,-1.12,SWING_LOW,false,BOS,14,5
pos-rs-ord-517,EURUSD,SHORT,EURUSD-SHORT-2015-03-12T01:30:00.000Z,2015-03-12T01:30:00.000Z,2015-03-12T01:30:00.000Z,2015-03-12T03:20:00.000Z,110,1.05427,1.05157,1.05562,1.05157,0.74,TARGET,99.9,199.8,5.18,194.62,1.95,SWING_HIGH,false,CHOCH,14,1
pos-rs-ord-522,GBPUSD,SHORT,GBPUSD-SHORT-2015-03-30T08:00:00.000Z,2015-03-30T08:00:00.000Z,2015-03-30T08:25:00.000Z,2015-03-30T09:20:00.000Z,55,1.48308,1.48628,1.48626,1.47672,0.33,STOP,104.94,-105.6,2.31,-107.91,-1.03,SWING_HIGH,false,BOS,14,8
pos-rs-ord-524,GBPUSD,SHORT,GBPUSD-SHORT-2015-04-15T08:45:00.000Z,2015-04-15T08:45:00.000Z,2015-04-15T09:10:00.000Z,2015-04-15T13:35:00.000Z,265,1.47473,1.47793,1.47791,1.46837,0.33,STOP,104.94,-105.6,2.31,-107.91,-1.03,ASIAN_HIGH,true,CHOCH,16,9
pos-rs-ord-526,EURUSD,LONG,EURUSD-LONG-2015-04-17T01:30:00.000Z,2015-04-17T01:30:00.000Z,2015-04-17T02:25:00.000Z,2015-04-17T07:50:00.000Z,325,1.0768,1.07529,1.07531,1.07978,0.68,STOP,101.32,-102.68,4.76,-107.44,-1.06,EQUAL_LOWS,false,CHOCH,14,2
pos-rs-ord-530,GBPUSD,SHORT,GBPUSD-SHORT-2015-04-27T08:00:00.000Z,2015-04-27T08:00:00.000Z,2015-04-27T08:15:00.000Z,2015-04-27T09:25:00.000Z,70,1.5172,1.51344,1.51908,1.51344,0.54,TARGET,101.52,203.04,3.78,199.26,1.96,PDH,true,BOS,16,8
pos-rs-ord-532,EURUSD,LONG,EURUSD-LONG-2015-05-07T06:45:00.000Z,2015-05-07T06:45:00.000Z,2015-05-07T07:25:00.000Z,2015-05-07T07:55:00.000Z,30,1.1351,1.13392,1.13394,1.13742,0.85,STOP,98.6,-100.3,5.95,-106.25,-1.08,SWING_LOW,false,BOS,14,7
pos-rs-ord-533,GBPUSD,SHORT,GBPUSD-SHORT-2015-05-07T15:15:00.000Z,2015-05-07T15:15:00.000Z,2015-05-07T15:30:00.000Z,2015-05-07T19:25:00.000Z,235,1.51942,1.52378,1.52376,1.51074,0.24,STOP,104.16,-104.64,1.68,-106.32,-1.02,SWING_HIGH,false,BOS,14,15
pos-rs-ord-538,USDJPY,SHORT,USDJPY-SHORT-2015-06-08T08:15:00.000Z,2015-06-08T08:15:00.000Z,2015-06-08T09:05:00.000Z,2015-06-08T18:15:00.000Z,550,125.364,124.878,125.607,124.878,0.53,TARGET,102.77,206.14,3.71,202.43,1.97,SWING_HIGH,false,CHOCH,14,9
pos-rs-ord-539,USDJPY,SHORT,USDJPY-SHORT-2015-06-09T10:30:00.000Z,2015-06-09T10:30:00.000Z,2015-06-09T10:35:00.000Z,2015-06-10T05:30:00.000Z,1135,124.229,123.419,124.634,123.419,0.32,TARGET,104.38,209.62,2.24,207.38,1.99,SWING_HIGH,false,BOS,14,10
pos-rs-ord-540,GBPUSD,LONG,GBPUSD-LONG-2015-06-10T08:45:00.000Z,2015-06-10T08:45:00.000Z,2015-06-10T09:25:00.000Z,2015-06-10T13:25:00.000Z,240,1.54316,1.54956,1.53996,1.54956,0.33,TARGET,105.6,211.2,2.31,208.89,1.98,SWING_LOW,false,BOS,14,9
pos-rs-ord-541,EURUSD,LONG,EURUSD-LONG-2015-06-16T08:15:00.000Z,2015-06-16T08:15:00.000Z,2015-06-16T08:40:00.000Z,2015-06-16T09:45:00.000Z,65,1.12924,1.12582,1.12584,1.13604,0.31,STOP,105.4,-106.02,2.17,-108.19,-1.03,ASIAN_LOW,true,BOS,16,8
pos-rs-ord-542,EURUSD,SHORT,EURUSD-SHORT-2015-06-25T03:00:00.000Z,2015-06-25T03:00:00.000Z,2015-06-25T03:15:00.000Z,2015-06-25T03:50:00.000Z,35,1.12031,1.12107,1.12105,1.11883,1.28,STOP,94.72,-97.28,8.96,-106.24,-1.12,SWING_HIGH,false,CHOCH,14,3
pos-rs-ord-543,GBPUSD,SHORT,GBPUSD-SHORT-2015-06-30T08:00:00.000Z,2015-06-30T08:00:00.000Z,2015-06-30T08:20:00.000Z,2015-06-30T09:35:00.000Z,75,1.57158,1.57413,1.57333,1.56808,0.59,STOP,103.25,-150.45,4.13,-154.58,-1.5,SWING_HIGH,false,BOS,14,8
pos-rs-ord-545,EURUSD,SHORT,EURUSD-SHORT-2015-07-16T09:00:00.000Z,2015-07-16T09:00:00.000Z,2015-07-16T09:20:00.000Z,2015-07-17T15:05:00.000Z,1785,1.0916,1.08484,1.09498,1.08484,0.31,TARGET,104.78,209.56,2.17,207.39,1.98,EQUAL_HIGHS,false,BOS,14,9
pos-rs-ord-548,GBPUSD,LONG,GBPUSD-LONG-2015-07-27T07:45:00.000Z,2015-07-27T07:45:00.000Z,2015-07-27T07:50:00.000Z,2015-07-27T08:10:00.000Z,20,1.55298,1.5513,1.55132,1.5563,0.62,STOP,102.92,-104.16,4.34,-108.5,-1.05,ASIAN_LOW,true,BOS,16,7
pos-rs-ord-549,GBPUSD,LONG,GBPUSD-LONG-2015-07-28T21:15:00.000Z,2015-07-28T21:15:00.000Z,2015-07-28T22:00:00.000Z,2015-07-29T07:20:00.000Z,560,1.56057,1.55944,1.55946,1.56279,0.89,STOP,98.79,-100.57,6.23,-106.8,-1.08,SWING_LOW,false,CHOCH,14,22
pos-rs-ord-552,EURUSD,SHORT,EURUSD-SHORT-2015-08-13T14:00:00.000Z,2015-08-13T14:00:00.000Z,2015-08-13T14:00:00.000Z,2015-08-13T14:55:00.000Z,55,1.11033,1.11249,1.11247,1.10605,0.48,STOP,102.72,-103.68,3.36,-107.04,-1.04,SWING_HIGH,false,BOS,14,14
pos-rs-ord-557,EURUSD,LONG,EURUSD-LONG-2015-09-01T06:00:00.000Z,2015-09-01T06:00:00.000Z,2015-09-01T06:00:00.000Z,2015-09-01T07:05:00.000Z,65,1.12676,1.12824,1.12602,1.12824,1.27,TARGET,93.98,187.96,8.89,179.07,1.91,SWING_LOW,false,CHOCH,14,6
pos-rs-ord-558,EURUSD,LONG,EURUSD-LONG-2015-09-01T08:45:00.000Z,2015-09-01T08:45:00.000Z,2015-09-01T09:30:00.000Z,2015-09-01T10:50:00.000Z,80,1.12932,1.12618,1.1262,1.13556,0.34,STOP,106.08,-106.76,2.38,-109.14,-1.03,SWING_LOW,false,BOS,14,9
pos-rs-ord-559,GBPUSD,LONG,GBPUSD-LONG-2015-09-08T01:00:00.000Z,2015-09-08T01:00:00.000Z,2015-09-08T01:00:00.000Z,2015-09-08T02:40:00.000Z,100,1.52735,1.52803,1.52701,1.52803,2.39,TARGET,81.26,162.52,16.73,145.79,1.79,SWING_LOW,false,CHOCH,14,1
pos-rs-ord-560,EURUSD,LONG,EURUSD-LONG-2015-09-11T08:30:00.000Z,2015-09-11T08:30:00.000Z,2015-09-11T08:50:00.000Z,2015-09-11T10:20:00.000Z,90,1.12924,1.12745,1.12747,1.13278,0.58,STOP,102.66,-103.82,4.06,-107.88,-1.05,SWING_LOW,false,BOS,14,8
pos-rs-ord-562,USDJPY,LONG,USDJPY-LONG-2015-10-02T07:15:00.000Z,2015-10-02T07:15:00.000Z,2015-10-02T07:55:00.000Z,2015-10-02T13:05:00.000Z,310,120.014,120.27,119.886,120.27,0.93,TARGET,99.17,198.01,6.51,191.5,1.93,SWING_LOW,false,CHOCH,14,7
pos-rs-ord-563,USDJPY,SHORT,USDJPY-SHORT-2015-10-13T02:30:00.000Z,2015-10-13T02:30:00.000Z,2015-10-13T03:00:00.000Z,2015-10-13T13:35:00.000Z,635,119.919,119.585,120.086,119.585,0.73,TARGET,101.66,203.82,5.11,198.71,1.95,SWING_HIGH,false,CHOCH,14,3
pos-rs-ord-564,GBPUSD,LONG,GBPUSD-LONG-2015-10-14T08:45:00.000Z,2015-10-14T08:45:00.000Z,2015-10-14T09:30:00.000Z,2015-10-14T09:50:00.000Z,20,1.52921,1.53291,1.52736,1.53291,0.56,TARGET,103.6,207.2,3.92,203.28,1.96,SWING_LOW,false,CHOCH,14,9
pos-rs-ord-566,USDJPY,SHORT,USDJPY-SHORT-2015-10-22T09:15:00.000Z,2015-10-22T09:15:00.000Z,2015-10-22T09:45:00.000Z,2015-10-22T13:30:00.000Z,225,119.717,119.823,119.821,119.509,1.13,STOP,98.17,-100,7.91,-107.91,-1.1,SWING_HIGH,false,BOS,14,9
pos-rs-ord-569,GBPUSD,LONG,GBPUSD-LONG-2015-10-30T11:45:00.000Z,2015-10-30T11:45:00.000Z,2015-10-30T12:00:00.000Z,2015-10-30T15:05:00.000Z,185,1.5342,1.53684,1.53288,1.53684,0.77,TARGET,101.64,203.28,5.39,197.89,1.95,SWING_LOW,false,CHOCH,14,12
pos-rs-ord-572,GBPUSD,LONG,GBPUSD-LONG-2015-11-19T00:30:00.000Z,2015-11-19T00:30:00.000Z,2015-11-19T00:40:00.000Z,2015-11-19T01:40:00.000Z,60,1.52445,1.52791,1.52272,1.52791,0.6,TARGET,103.8,207.6,4.2,203.4,1.96,SWING_LOW,false,CHOCH,14,0
pos-rs-ord-574,GBPUSD,SHORT,GBPUSD-SHORT-2015-11-23T07:30:00.000Z,2015-11-23T07:30:00.000Z,2015-11-23T08:15:00.000Z,2015-11-23T11:35:00.000Z,200,1.51626,1.5133,1.51774,1.5133,0.7,TARGET,103.6,207.2,4.9,202.3,1.95,SWING_HIGH,false,CHOCH,14,8
pos-rs-ord-575,USDJPY,SHORT,USDJPY-SHORT-2015-11-24T05:30:00.000Z,2015-11-24T05:30:00.000Z,2015-11-24T06:20:00.000Z,2015-11-24T06:55:00.000Z,35,122.768,122.694,122.805,122.694,2.73,TARGET,82.28,164.61,19.11,145.5,1.77,SWING_HIGH,false,CHOCH,14,6
pos-rs-ord-576,USDJPY,LONG,USDJPY-LONG-2015-11-30T16:15:00.000Z,2015-11-30T16:15:00.000Z,2015-11-30T16:50:00.000Z,2015-12-01T02:10:00.000Z,560,123.186,122.992,122.994,123.57,0.67,STOP,104.4,-105.64,4.69,-110.33,-1.06,SWING_LOW,false,BOS,14,16
pos-rs-ord-578,EURUSD,LONG,EURUSD-LONG-2015-12-01T09:15:00.000Z,2015-12-01T09:15:00.000Z,2015-12-01T09:30:00.000Z,2015-12-02T14:55:00.000Z,1765,1.06012,1.05771,1.05773,1.0649,0.45,STOP,107.55,-108.45,3.15,-111.6,-1.04,SWING_LOW,false,BOS,14,9
pos-rs-ord-579,GBPUSD,SHORT,GBPUSD-SHORT-2015-12-08T04:15:00.000Z,2015-12-08T04:15:00.000Z,2015-12-08T04:15:00.000Z,2015-12-08T08:00:00.000Z,225,1.50478,1.50561,1.50559,1.50316,1.21,STOP,98.01,-100.43,8.47,-108.9,-1.11,SWING_HIGH,false,BOS,14,4
pos-rs-ord-582,EURUSD,LONG,EURUSD-LONG-2015-12-09T05:15:00.000Z,2015-12-09T05:15:00.000Z,2015-12-09T05:50:00.000Z,2015-12-09T06:35:00.000Z,45,1.09091,1.09207,1.09033,1.09207,1.6,TARGET,92.8,185.6,11.2,174.4,1.88,SWING_LOW,false,CHOCH,14,5
pos-rs-ord-583,USDJPY,SHORT,USDJPY-SHORT-2015-12-09T17:00:00.000Z,2015-12-09T17:00:00.000Z,2015-12-09T17:00:00.000Z,2015-12-09T19:00:00.000Z,120,121.886,121.108,122.275,121.108,0.34,TARGET,108.53,217.88,2.38,215.5,1.99,SWING_HIGH,false,BOS,14,17
pos-rs-ord-585,EURUSD,LONG,EURUSD-LONG-2015-12-10T14:00:00.000Z,2015-12-10T14:00:00.000Z,2015-12-10T14:05:00.000Z,2015-12-10T15:55:00.000Z,110,1.09584,1.09374,1.09376,1.1,0.51,STOP,106.08,-107.1,3.57,-110.67,-1.04,SWING_LOW,false,CHOCH,14,14
pos-rs-ord-587,USDJPY,LONG,USDJPY-LONG-2015-12-16T08:00:00.000Z,2015-12-16T08:00:00.000Z,2015-12-16T08:45:00.000Z,2015-12-16T09:20:00.000Z,35,121.883,122.055,121.797,122.055,1.38,TARGET,97.33,194.53,9.66,184.87,1.9,SWING_LOW,false,CHOCH,14,8
pos-rs-ord-589,GBPUSD,LONG,GBPUSD-LONG-2015-12-16T20:00:00.000Z,2015-12-16T20:00:00.000Z,2015-12-16T20:10:00.000Z,2015-12-17T02:05:00.000Z,355,1.50396,1.49572,1.49574,1.5204,0.13,STOP,106.86,-107.12,0.91,-108.03,-1.01,EQUAL_LOWS,false,CHOCH,14,20
pos-rs-ord-590,USDJPY,SHORT,USDJPY-SHORT-2015-12-21T01:45:00.000Z,2015-12-21T01:45:00.000Z,2015-12-21T02:15:00.000Z,2015-12-21T05:15:00.000Z,180,121.184,121.396,121.394,120.764,0.61,STOP,105.73,-106.55,4.27,-110.82,-1.05,SWING_HIGH,false,BOS,14,2
pos-rs-ord-593,GBPUSD,SHORT,GBPUSD-SHORT-2016-01-06T03:15:00.000Z,2016-01-06T03:15:00.000Z,2016-01-06T03:30:00.000Z,2016-01-06T08:10:00.000Z,280,1.46664,1.46386,1.46803,1.46386,0.74,TARGET,102.86,205.72,5.18,200.54,1.95,SWING_HIGH,false,CHOCH,14,3
pos-rs-ord-596,GBPUSD,SHORT,GBPUSD-SHORT-2016-01-10T23:00:00.000Z,2016-01-10T23:00:00.000Z,2016-01-10T23:05:00.000Z,2016-01-10T23:15:00.000Z,10,1.45164,1.45363,1.45361,1.4477,0.54,STOP,106.38,-107.46,3.78,-111.24,-1.05,SWING_HIGH,false,CHOCH,14,23
pos-rs-ord-598,GBPUSD,SHORT,GBPUSD-SHORT-2016-01-18T07:45:00.000Z,2016-01-18T07:45:00.000Z,2016-01-18T08:00:00.000Z,2016-01-18T08:10:00.000Z,10,1.42711,1.42863,1.42861,1.42411,0.69,STOP,103.5,-104.88,4.83,-109.71,-1.06,ASIAN_HIGH,true,CHOCH,16,8
pos-rs-ord-599,USDJPY,LONG,USDJPY-LONG-2016-01-18T08:45:00.000Z,2016-01-18T08:45:00.000Z,2016-01-18T08:45:00.000Z,2016-01-19T05:40:00.000Z,1255,117.279,117.825,117.006,117.825,0.46,TARGET,107.04,213.29,3.22,210.07,1.96,SWING_LOW,false,BOS,14,8
pos-rs-ord-601,USDJPY,LONG,USDJPY-LONG-2016-01-22T15:15:00.000Z,2016-01-22T15:15:00.000Z,2016-01-22T16:10:00.000Z,2016-01-22T21:00:00.000Z,290,118.398,118.833,117.858,119.478,0.24,PROTECTIVE,109.44,87.85,1.68,86.17,0.79,SWING_LOW,false,CHOCH,14,16
pos-rs-ord-603,EURUSD,LONG,EURUSD-LONG-2016-02-02T13:45:00.000Z,2016-02-02T13:45:00.000Z,2016-02-02T14:25:00.000Z,2016-02-02T15:55:00.000Z,90,1.09218,1.09088,1.0909,1.09474,0.81,STOP,103.68,-105.3,5.67,-110.97,-1.07,SWING_LOW,false,BOS,14,14
pos-rs-ord-604,GBPUSD,SHORT,GBPUSD-SHORT-2016-02-05T14:15:00.000Z,2016-02-05T14:15:00.000Z,2016-02-05T14:30:00.000Z,2016-02-05T21:00:00.000Z,390,1.44951,1.4501,1.45911,1.43031,0.11,PROTECTIVE,105.6,-6.49,0.77,-7.26,-0.07,ASIAN_HIGH,true,CHOCH,16,14
pos-rs-ord-605,GBPUSD,LONG,GBPUSD-LONG-2016-02-10T08:30:00.000Z,2016-02-10T08:30:00.000Z,2016-02-10T09:05:00.000Z,2016-02-10T09:35:00.000Z,30,1.44782,1.44396,1.44501,1.45344,0.38,STOP,106.78,-146.68,2.66,-149.34,-1.4,SWING_LOW,false,BOS,14,9
pos-rs-ord-607,EURUSD,SHORT,EURUSD-SHORT-2016-02-10T15:30:00.000Z,2016-02-10T15:30:00.000Z,2016-02-10T16:05:00.000Z,2016-02-10T19:50:00.000Z,225,1.12171,1.12748,1.12746,1.11021,0.19,STOP,109.25,-109.63,1.33,-110.96,-1.02,SWING_HIGH,false,CHOCH,14,16
pos-rs-ord-606,GBPUSD,LONG,GBPUSD-LONG-2016-02-10T11:15:00.000Z,2016-02-10T11:15:00.000Z,2016-02-10T11:30:00.000Z,2016-02-11T08:45:00.000Z,1275,1.4515,1.44387,1.44389,1.46672,0.14,STOP,106.54,-106.82,0.98,-107.8,-1.01,SWING_LOW,false,BOS,14,11
pos-rs-ord-608,USDJPY,SHORT,USDJPY-SHORT-2016-02-18T15:00:00.000Z,2016-02-18T15:00:00.000Z,2016-02-18T15:00:00.000Z,2016-02-18T16:05:00.000Z,65,113.822,113.59,113.938,113.59,0.99,TARGET,100.93,202.1,6.93,195.17,1.93,SWING_HIGH,false,BOS,14,15
pos-rs-ord-609,GBPUSD,SHORT,GBPUSD-SHORT-2016-02-19T10:00:00.000Z,2016-02-19T10:00:00.000Z,2016-02-19T10:10:00.000Z,2016-02-19T16:40:00.000Z,390,1.43055,1.43373,1.43371,1.42423,0.34,STOP,107.44,-108.12,2.38,-110.5,-1.03,SWING_HIGH,false,BOS,14,10
pos-rs-ord-610,GBPUSD,SHORT,GBPUSD-SHORT-2016-02-23T01:00:00.000Z,2016-02-23T01:00:00.000Z,2016-02-23T01:05:00.000Z,2016-02-23T02:40:00.000Z,95,1.4146,1.4125,1.41565,1.4125,0.96,TARGET,100.8,201.6,6.72,194.88,1.93,SWING_HIGH,false,BOS,14,1
pos-rs-ord-613,GBPUSD,LONG,GBPUSD-LONG-2016-03-01T08:00:00.000Z,2016-03-01T08:00:00.000Z,2016-03-01T08:10:00.000Z,2016-03-01T09:35:00.000Z,85,1.39495,1.39194,1.39196,1.40093,0.36,STOP,107.64,-108.36,2.52,-110.88,-1.03,EQUAL_LOWS,false,BOS,14,8
pos-rs-ord-616,GBPUSD,SHORT,GBPUSD-SHORT-2016-03-07T07:15:00.000Z,2016-03-07T07:15:00.000Z,2016-03-07T07:25:00.000Z,2016-03-07T08:10:00.000Z,45,1.4201,1.41706,1.42162,1.41706,0.68,TARGET,103.36,206.72,4.76,201.96,1.95,SWING_HIGH,false,CHOCH,14,7
pos-rs-ord-617,EURUSD,LONG,EURUSD-LONG-2016-03-08T00:45:00.000Z,2016-03-08T00:45:00.000Z,2016-03-08T01:15:00.000Z,2016-03-08T02:05:00.000Z,50,1.10153,1.10247,1.10106,1.10247,1.92,TARGET,90.24,180.48,13.44,167.04,1.85,SWING_LOW,false,CHOCH,14,1
pos-rs-ord-619,USDJPY,LONG,USDJPY-LONG-2016-03-14T08:15:00.000Z,2016-03-14T08:15:00.000Z,2016-03-14T08:45:00.000Z,2016-03-14T09:25:00.000Z,40,113.788,113.689,113.691,113.982,1.17,STOP,99.71,-101.85,8.19,-110.04,-1.1,SWING_LOW,false,CHOCH,14,8
pos-rs-ord-621,USDJPY,LONG,USDJPY-LONG-2016-03-27T23:00:00.000Z,2016-03-27T23:00:00.000Z,2016-03-27T23:00:00.000Z,2016-03-28T04:00:00.000Z,300,113.244,113.684,113.024,113.684,0.55,TARGET,106.77,212.89,3.85,209.04,1.96,SWING_LOW,false,BOS,14,23
pos-rs-ord-622,EURUSD,LONG,EURUSD-LONG-2016-03-30T01:30:00.000Z,2016-03-30T01:30:00.000Z,2016-03-30T02:10:00.000Z,2016-03-30T07:35:00.000Z,325,1.12936,1.131,1.12854,1.131,1.21,TARGET,99.22,198.44,8.47,189.97,1.91,SWING_LOW,false,CHOCH,14,2
pos-rs-ord-623,GBPUSD,LONG,GBPUSD-LONG-2016-04-05T02:00:00.000Z,2016-04-05T02:00:00.000Z,2016-04-05T02:30:00.000Z,2016-04-05T03:40:00.000Z,70,1.42716,1.42591,1.42593,1.42962,0.84,STOP,103.32,-105,5.88,-110.88,-1.07,SWING_LOW,false,CHOCH,14,2
pos-rs-ord-624,USDJPY,SHORT,USDJPY-SHORT-2016-04-07T02:15:00.000Z,2016-04-07T02:15:00.000Z,2016-04-07T02:30:00.000Z,2016-04-07T06:20:00.000Z,230,109.603,108.985,109.912,108.985,0.38,TARGET,107.19,215.27,2.66,212.61,1.98,EQUAL_HIGHS,false,BOS,14,2
pos-rs-ord-625,EURUSD,SHORT,EURUSD-SHORT-2016-04-08T08:30:00.000Z,2016-04-08T08:30:00.000Z,2016-04-08T08:30:00.000Z,2016-04-08T08:45:00.000Z,15,1.13584,1.13778,1.13776,1.132,0.56,STOP,107.52,-108.64,3.92,-112.56,-1.05,ASIAN_HIGH,true,BOS,16,8
pos-rs-ord-626,EURUSD,LONG,EURUSD-LONG-2016-04-11T07:45:00.000Z,2016-04-11T07:45:00.000Z,2016-04-11T07:55:00.000Z,2016-04-11T08:15:00.000Z,20,1.14147,1.14038,1.1404,1.14361,0.96,STOP,102.72,-104.64,6.72,-111.36,-1.08,SWING_LOW,false,BOS,14,7
pos-rs-ord-627,GBPUSD,LONG,GBPUSD-LONG-2016-04-13T04:30:00.000Z,2016-04-13T04:30:00.000Z,2016-04-13T04:35:00.000Z,2016-04-13T05:55:00.000Z,80,1.42659,1.42604,1.42606,1.42765,1.75,STOP,92.75,-96.25,12.25,-108.5,-1.17,SWING_LOW,false,CHOCH,14,4
pos-rs-ord-630,EURUSD,SHORT,EURUSD-SHORT-2016-04-14T08:30:00.000Z,2016-04-14T08:30:00.000Z,2016-04-14T08:40:00.000Z,2016-04-14T09:50:00.000Z,70,1.12502,1.12698,1.12696,1.12114,0.55,STOP,106.7,-107.8,3.85,-111.65,-1.05,SWING_HIGH,false,CHOCH,14,8
pos-rs-ord-631,GBPUSD,LONG,GBPUSD-LONG-2016-04-19T07:30:00.000Z,2016-04-19T07:30:00.000Z,2016-04-19T08:05:00.000Z,2016-04-19T08:15:00.000Z,10,1.43164,1.4303,1.43032,1.43428,0.78,STOP,102.96,-104.52,5.46,-109.98,-1.07,SWING_LOW,false,BOS,14,8
pos-rs-ord-632,USDJPY,LONG,USDJPY-LONG-2016-04-19T13:15:00.000Z,2016-04-19T13:15:00.000Z,2016-04-19T13:20:00.000Z,2016-04-19T13:35:00.000Z,15,109.397,109.305,109.307,109.577,1.2,STOP,98.71,-100.97,8.4,-109.37,-1.11,SWING_LOW,false,BOS,14,13
pos-rs-ord-633,USDJPY,SHORT,USDJPY-SHORT-2016-04-21T13:30:00.000Z,2016-04-21T13:30:00.000Z,2016-04-21T13:30:00.000Z,2016-04-21T14:50:00.000Z,80,109.696,109.442,109.823,109.442,0.88,TARGET,101.9,204.12,6.16,197.96,1.94,SWING_HIGH,false,CHOCH,14,13
pos-rs-ord-640,EURUSD,SHORT,EURUSD-SHORT-2016-05-04T09:30:00.000Z,2016-05-04T09:30:00.000Z,2016-05-04T09:40:00.000Z,2016-05-04T13:05:00.000Z,205,1.1486,1.15124,1.15122,1.14336,0.41,STOP,107.42,-108.24,2.87,-111.11,-1.03,ASIAN_HIGH,true,BOS,16,9
pos-rs-ord-643,USDJPY,LONG,USDJPY-LONG-2016-05-05T15:15:00.000Z,2016-05-05T15:15:00.000Z,2016-05-05T15:25:00.000Z,2016-05-06T13:30:00.000Z,1325,107.257,106.797,106.799,108.173,0.16,STOP,68.28,-68.82,1.12,-69.94,-1.02,ASIAN_LOW,true,BOS,16,15
pos-rs-ord-641,GBPUSD,SHORT,GBPUSD-SHORT-2016-05-04T09:30:00.000Z,2016-05-04T09:30:00.000Z,2016-05-04T09:35:00.000Z,2016-05-06T20:00:00.000Z,3505,1.45148,1.4421,1.45732,1.4398,0.19,PROTECTIVE,110.96,178.22,1.33,176.89,1.59,SWING_HIGH,false,CHOCH,14,9
pos-rs-ord-644,GBPUSD,SHORT,GBPUSD-SHORT-2016-05-09T07:00:00.000Z,2016-05-09T07:00:00.000Z,2016-05-09T07:00:00.000Z,2016-05-09T07:30:00.000Z,30,1.44248,1.44428,1.44426,1.43892,0.59,STOP,105.02,-106.2,4.13,-110.33,-1.05,ASIAN_HIGH,true,CHOCH,16,7
pos-rs-ord-646,EURUSD,SHORT,EURUSD-SHORT-2016-05-13T14:00:00.000Z,2016-05-13T14:00:00.000Z,2016-05-13T14:10:00.000Z,2016-05-13T20:00:00.000Z,350,1.13314,1.13066,1.13574,1.12794,0.41,PROTECTIVE,106.6,101.68,2.87,98.81,0.93,SWING_HIGH,false,CHOCH,14,14
pos-rs-ord-648,USDJPY,LONG,USDJPY-LONG-2016-05-18T04:00:00.000Z,2016-05-18T04:00:00.000Z,2016-05-18T04:15:00.000Z,2016-05-20T12:20:00.000Z,3365,109.28,110.402,108.719,110.402,0.21,TARGET,107.76,213.43,1.47,211.96,1.97,SWING_LOW,false,BOS,14,4
pos-rs-ord-652,USDJPY,SHORT,USDJPY-SHORT-2016-06-01T01:15:00.000Z,2016-06-01T01:15:00.000Z,2016-06-01T01:40:00.000Z,2016-06-01T02:35:00.000Z,55,110.674,110.781,110.779,110.464,1.07,STOP,101.55,-103.5,7.49,-110.99,-1.09,SWING_HIGH,false,CHOCH,14,1
pos-rs-ord-654,USDJPY,LONG,USDJPY-LONG-2016-06-10T02:15:00.000Z,2016-06-10T02:15:00.000Z,2016-06-10T03:00:00.000Z,2016-06-10T08:05:00.000Z,305,107.096,106.902,106.904,107.48,0.59,STOP,105.77,-107.02,4.13,-111.15,-1.05,SWING_LOW,false,CHOCH,14,3
pos-rs-ord-655,EURUSD,SHORT,EURUSD-SHORT-2016-06-10T17:00:00.000Z,2016-06-10T17:00:00.000Z,2016-06-10T17:05:00.000Z,2016-06-10T20:00:00.000Z,175,1.12834,1.12601,1.13057,1.12388,0.48,PROTECTIVE,107.04,111.84,3.36,108.48,1.01,SWING_HIGH,false,BOS,14,17
pos-rs-ord-656,EURUSD,SHORT,EURUSD-SHORT-2016-06-13T02:45:00.000Z,2016-06-13T02:45:00.000Z,2016-06-13T02:50:00.000Z,2016-06-13T05:00:00.000Z,130,1.12403,1.12527,1.12525,1.12159,0.84,STOP,102.48,-104.16,5.88,-110.04,-1.07,SWING_HIGH,false,BOS,14,2
pos-rs-ord-660,USDJPY,LONG,USDJPY-LONG-2016-07-18T16:30:00.000Z,2016-07-18T16:30:00.000Z,2016-07-18T17:00:00.000Z,2016-07-20T22:10:00.000Z,3190,105.958,107.344,105.265,107.344,0.17,TARGET,111.13,220.35,1.19,219.16,1.97,ASIAN_LOW,true,BOS,16,17
pos-rs-ord-670,GBPUSD,SHORT,GBPUSD-SHORT-2016-09-07T08:30:00.000Z,2016-09-07T08:30:00.000Z,2016-09-07T08:30:00.000Z,2016-09-07T09:35:00.000Z,65,1.34135,1.33901,1.34252,1.33901,0.88,TARGET,102.96,205.92,6.16,199.76,1.94,SWING_HIGH,false,BOS,14,8
pos-rs-ord-671,USDJPY,LONG,USDJPY-LONG-2016-09-08T01:15:00.000Z,2016-09-08T01:15:00.000Z,2016-09-08T01:30:00.000Z,2016-09-08T01:55:00.000Z,25,101.771,101.645,101.647,102.019,0.85,STOP,103.53,-105.27,5.95,-111.22,-1.07,SWING_LOW,false,BOS,14,1
pos-rs-ord-674,EURUSD,SHORT,EURUSD-SHORT-2016-09-16T08:15:00.000Z,2016-09-16T08:15:00.000Z,2016-09-16T08:30:00.000Z,2016-09-16T11:00:00.000Z,150,1.12377,1.12257,1.12437,1.12257,1.58,TARGET,94.8,189.6,11.06,178.54,1.88,SWING_HIGH,false,CHOCH,14,8
pos-rs-ord-677,GBPUSD,LONG,GBPUSD-LONG-2016-09-22T09:45:00.000Z,2016-09-22T09:45:00.000Z,2016-09-22T10:20:00.000Z,2016-09-22T11:15:00.000Z,55,1.30726,1.30501,1.30503,1.31172,0.48,STOP,107.04,-108,3.36,-111.36,-1.04,SWING_LOW,false,BOS,14,10
pos-rs-ord-681,GBPUSD,SHORT,GBPUSD-SHORT-2016-10-11T12:00:00.000Z,2016-10-11T12:00:00.000Z,2016-10-11T12:50:00.000Z,2016-10-11T14:05:00.000Z,75,1.22724,1.23095,1.23093,1.21986,0.3,STOP,110.7,-111.3,2.1,-113.4,-1.02,SWING_HIGH,false,BOS,14,12
pos-rs-ord-682,GBPUSD,SHORT,GBPUSD-SHORT-2016-10-11T16:00:00.000Z,2016-10-11T16:00:00.000Z,2016-10-11T16:20:00.000Z,2016-10-11T18:50:00.000Z,150,1.22508,1.20922,1.23301,1.20922,0.14,TARGET,111.02,222.04,0.98,221.06,1.99,SWING_HIGH,false,BOS,14,16
pos-rs-ord-683,EURUSD,SHORT,EURUSD-SHORT-2016-10-12T06:30:00.000Z,2016-10-12T06:30:00.000Z,2016-10-12T07:05:00.000Z,2016-10-12T08:55:00.000Z,110,1.1043,1.10578,1.10576,1.10138,0.72,STOP,105.12,-106.56,5.04,-111.6,-1.06,SWING_HIGH,false,CHOCH,14,7
pos-rs-ord-685,GBPUSD,SHORT,GBPUSD-SHORT-2016-10-13T02:15:00.000Z,2016-10-13T02:15:00.000Z,2016-10-13T02:55:00.000Z,2016-10-13T03:40:00.000Z,45,1.21769,1.22056,1.22054,1.21199,0.38,STOP,108.3,-109.06,2.66,-111.72,-1.03,SWING_HIGH,false,BOS,14,2
pos-rs-ord-688,EURUSD,LONG,EURUSD-LONG-2016-10-28T07:45:00.000Z,2016-10-28T07:45:00.000Z,2016-10-28T07:50:00.000Z,2016-10-28T13:30:00.000Z,340,1.0909,1.09282,1.08994,1.09282,1.05,TARGET,100.8,201.6,7.35,194.25,1.93,SWING_LOW,false,CHOCH,14,7
pos-rs-ord-690,USDJPY,SHORT,USDJPY-SHORT-2016-11-02T09:15:00.000Z,2016-11-02T09:15:00.000Z,2016-11-02T10:00:00.000Z,2016-11-02T13:30:00.000Z,210,103.684,103.168,103.942,103.168,0.43,TARGET,107.02,214.97,3.01,211.96,1.98,SWING_HIGH,false,CHOCH,14,10
pos-rs-ord-693,USDJPY,SHORT,USDJPY-SHORT-2016-11-15T07:30:00.000Z,2016-11-15T07:30:00.000Z,2016-11-15T07:50:00.000Z,2016-11-15T12:05:00.000Z,255,108.103,108.39,108.388,107.533,0.41,STOP,108.13,-108.63,2.87,-111.5,-1.03,ASIAN_HIGH,true,CHOCH,16,7
pos-rs-ord-694,GBPUSD,SHORT,GBPUSD-SHORT-2016-11-22T10:45:00.000Z,2016-11-22T10:45:00.000Z,2016-11-22T11:20:00.000Z,2016-11-23T13:40:00.000Z,1580,1.24533,1.23671,1.24964,1.23671,0.25,TARGET,107.75,215.5,1.75,213.75,1.98,SWING_HIGH,false,CHOCH,14,11
pos-rs-ord-696,USDJPY,LONG,USDJPY-LONG-2016-12-05T15:30:00.000Z,2016-12-05T15:30:00.000Z,2016-12-05T15:40:00.000Z,2016-12-05T17:30:00.000Z,110,114.538,114.021,114.023,115.568,0.25,STOP,112.33,-113.26,1.75,-115.01,-1.02,EQUAL_LOWS,false,CHOCH,14,15
pos-rs-ord-701,GBPUSD,SHORT,GBPUSD-SHORT-2016-12-22T22:15:00.000Z,2016-12-22T22:15:00.000Z,2016-12-22T22:40:00.000Z,2016-12-22T23:30:00.000Z,50,1.2286,1.22923,1.22921,1.22738,1.57,STOP,95.77,-98.91,10.99,-109.9,-1.15,SWING_HIGH,false,CHOCH,14,22
pos-rs-ord-703,GBPUSD,LONG,GBPUSD-LONG-2017-01-04T12:15:00.000Z,2017-01-04T12:15:00.000Z,2017-01-04T12:30:00.000Z,2017-01-04T17:15:00.000Z,285,1.22708,1.23122,1.22501,1.23122,0.52,TARGET,107.64,215.28,3.64,211.64,1.97,SWING_LOW,false,CHOCH,14,12
pos-rs-ord-705,USDJPY,LONG,USDJPY-LONG-2017-01-06T14:15:00.000Z,2017-01-06T14:15:00.000Z,2017-01-06T14:35:00.000Z,2017-01-06T21:00:00.000Z,385,116.457,117.011,115.71,117.951,0.17,PROTECTIVE,108.99,80.48,1.19,79.29,0.73,SWING_LOW,false,BOS,14,14
pos-rs-ord-709,EURUSD,SHORT,EURUSD-SHORT-2017-01-13T15:00:00.000Z,2017-01-13T15:00:00.000Z,2017-01-13T15:35:00.000Z,2017-01-13T21:00:00.000Z,325,1.0623,1.06377,1.0678,1.0513,0.2,PROTECTIVE,110,-29.4,1.4,-30.8,-0.28,SWING_HIGH,false,CHOCH,14,15
pos-rs-ord-710,GBPUSD,SHORT,GBPUSD-SHORT-2017-01-19T07:45:00.000Z,2017-01-19T07:45:00.000Z,2017-01-19T07:50:00.000Z,2017-01-19T08:05:00.000Z,15,1.22733,1.22901,1.22899,1.22401,0.64,STOP,106.24,-107.52,4.48,-112,-1.05,SWING_HIGH,false,BOS,14,7
pos-rs-ord-711,GBPUSD,LONG,GBPUSD-LONG-2017-01-26T08:45:00.000Z,2017-01-26T08:45:00.000Z,2017-01-26T09:35:00.000Z,2017-01-26T10:15:00.000Z,40,1.26479,1.26237,1.26239,1.26959,0.45,STOP,108,-108.9,3.15,-112.05,-1.04,SWING_LOW,false,CHOCH,14,9
pos-rs-ord-713,GBPUSD,LONG,GBPUSD-LONG-2017-02-02T08:45:00.000Z,2017-02-02T08:45:00.000Z,2017-02-02T09:05:00.000Z,2017-02-02T10:30:00.000Z,85,1.26832,1.26595,1.26597,1.27302,0.46,STOP,108.1,-109.02,3.22,-112.24,-1.04,SWING_LOW,false,CHOCH,14,9
pos-rs-ord-714,USDJPY,SHORT,USDJPY-SHORT-2017-02-02T15:00:00.000Z,2017-02-02T15:00:00.000Z,2017-02-02T15:10:00.000Z,2017-02-02T16:15:00.000Z,65,112.361,112.56,112.558,111.967,0.61,STOP,106.98,-107.98,4.27,-112.25,-1.05,SWING_HIGH,false,CHOCH,14,15
pos-rs-ord-719,USDJPY,SHORT,USDJPY-SHORT-2017-02-23T16:15:00.000Z,2017-02-23T16:15:00.000Z,2017-02-23T16:15:00.000Z,2017-02-24T01:00:00.000Z,525,112.677,112.858,112.856,112.319,0.67,STOP,106.5,-107.46,4.69,-112.15,-1.05,SWING_HIGH,false,BOS,14,16
pos-rs-ord-720,GBPUSD,SHORT,GBPUSD-SHORT-2017-03-02T07:15:00.000Z,2017-03-02T07:15:00.000Z,2017-03-02T07:15:00.000Z,2017-03-02T07:40:00.000Z,25,1.22782,1.22871,1.22869,1.22608,1.15,STOP,100.05,-102.35,8.05,-110.4,-1.1,SWING_HIGH,false,CHOCH,14,7
pos-rs-ord-727,EURUSD,SHORT,EURUSD-SHORT-2017-04-06T18:45:00.000Z,2017-04-06T18:45:00.000Z,2017-04-06T19:05:00.000Z,2017-04-07T03:05:00.000Z,480,1.06457,1.06574,1.06572,1.06227,0.89,STOP,102.35,-104.13,6.23,-110.36,-1.08,SWING_HIGH,false,BOS,14,19
pos-rs-ord-728,USDJPY,SHORT,USDJPY-SHORT-2017-04-11T08:15:00.000Z,2017-04-11T08:15:00.000Z,2017-04-11T08:30:00.000Z,2017-04-11T10:05:00.000Z,95,110.567,110.727,110.725,110.251,0.73,STOP,104.33,-105.55,5.11,-110.66,-1.06,SWING_HIGH,false,BOS,14,8
pos-rs-ord-731,GBPUSD,LONG,GBPUSD-LONG-2017-04-17T13:30:00.000Z,2017-04-17T13:30:00.000Z,2017-04-17T13:35:00.000Z,2017-04-17T15:05:00.000Z,90,1.2551,1.25716,1.25407,1.25716,0.98,TARGET,100.94,201.88,6.86,195.02,1.93,SWING_LOW,false,BOS,14,13
pos-rs-ord-734,EURUSD,SHORT,EURUSD-SHORT-2017-04-25T02:30:00.000Z,2017-04-25T02:30:00.000Z,2017-04-25T02:40:00.000Z,2017-04-25T06:40:00.000Z,240,1.08618,1.08712,1.0871,1.08434,1.09,STOP,100.28,-102.46,7.63,-110.09,-1.1,EQUAL_HIGHS,false,BOS,14,2
pos-rs-ord-736,USDJPY,LONG,USDJPY-LONG-2017-04-26T06:30:00.000Z,2017-04-26T06:30:00.000Z,2017-04-26T07:00:00.000Z,2017-04-26T09:40:00.000Z,160,111.33,111.161,111.163,111.664,0.64,STOP,95.95,-97.21,4.48,-101.69,-1.06,SWING_LOW,false,CHOCH,14,7
pos-rs-ord-735,GBPUSD,LONG,GBPUSD-LONG-2017-04-25T16:45:00.000Z,2017-04-25T16:45:00.000Z,2017-04-25T17:05:00.000Z,2017-04-27T08:05:00.000Z,2340,1.28306,1.28914,1.28002,1.28914,0.35,TARGET,106.4,212.8,2.45,210.35,1.98,SWING_LOW,false,CHOCH,14,17
pos-rs-ord-740,GBPUSD,SHORT,GBPUSD-SHORT-2017-05-04T08:00:00.000Z,2017-05-04T08:00:00.000Z,2017-05-04T08:00:00.000Z,2017-05-04T09:05:00.000Z,65,1.28508,1.28829,1.28827,1.2787,0.34,STOP,108.46,-109.14,2.38,-111.52,-1.03,ASIAN_HIGH,true,CHOCH,16,8
pos-rs-ord-742,USDJPY,LONG,USDJPY-LONG-2017-05-15T15:00:00.000Z,2017-05-15T15:00:00.000Z,2017-05-15T15:15:00.000Z,2017-05-16T08:05:00.000Z,1010,113.535,113.253,113.255,114.095,0.44,STOP,108.47,-109.55,3.08,-112.63,-1.04,SWING_LOW,false,CHOCH,14,15
pos-rs-ord-744,USDJPY,SHORT,USDJPY-SHORT-2017-05-16T14:00:00.000Z,2017-05-16T14:00:00.000Z,2017-05-16T14:20:00.000Z,2017-05-16T15:40:00.000Z,80,113.57,113.228,113.741,113.228,0.69,TARGET,103.95,208.32,4.83,203.49,1.96,SWING_HIGH,false,CHOCH,14,14
pos-rs-ord-745,USDJPY,SHORT,USDJPY-SHORT-2017-05-23T01:00:00.000Z,2017-05-23T01:00:00.000Z,2017-05-23T01:00:00.000Z,2017-05-23T16:40:00.000Z,940,111.01,111.356,111.354,110.322,0.35,STOP,108.56,-108.83,2.45,-111.28,-1.03,SWING_HIGH,false,CHOCH,14,1
pos-rs-ord-746,GBPUSD,SHORT,GBPUSD-SHORT-2017-05-31T10:00:00.000Z,2017-05-31T10:00:00.000Z,2017-05-31T10:25:00.000Z,2017-05-31T11:20:00.000Z,55,1.27935,1.2827,1.28268,1.27269,0.32,STOP,106.56,-107.2,2.24,-109.44,-1.03,SWING_HIGH,false,CHOCH,14,10
pos-rs-ord-747,USDJPY,LONG,USDJPY-LONG-2017-05-31T13:15:00.000Z,2017-05-31T13:15:00.000Z,2017-05-31T13:15:00.000Z,2017-05-31T14:50:00.000Z,95,110.856,110.727,110.729,111.11,0.89,STOP,101.95,-103.67,6.23,-109.9,-1.08,SWING_LOW,false,CHOCH,14,13
pos-rs-ord-752,USDJPY,SHORT,USDJPY-SHORT-2017-06-30T10:15:00.000Z,2017-06-30T10:15:00.000Z,2017-06-30T10:30:00.000Z,2017-06-30T13:40:00.000Z,190,111.938,112.161,112.159,111.496,0.54,STOP,106.66,-107.42,3.78,-111.2,-1.04,ASIAN_HIGH,true,CHOCH,16,10
pos-rs-ord-753,GBPUSD,LONG,GBPUSD-LONG-2017-07-06T04:00:00.000Z,2017-07-06T04:00:00.000Z,2017-07-06T04:05:00.000Z,2017-07-06T10:55:00.000Z,410,1.29299,1.29505,1.29196,1.29505,0.97,TARGET,99.91,199.82,6.79,193.03,1.93,SWING_LOW,false,CHOCH,14,4
pos-rs-ord-754,GBPUSD,LONG,GBPUSD-LONG-2017-07-06T16:45:00.000Z,2017-07-06T16:45:00.000Z,2017-07-06T17:30:00.000Z,2017-07-07T09:35:00.000Z,965,1.29552,1.2924,1.29242,1.30172,0.35,STOP,108.5,-109.2,2.45,-111.65,-1.03,SWING_LOW,false,BOS,14,17
pos-rs-ord-755,EURUSD,LONG,EURUSD-LONG-2017-07-12T03:45:00.000Z,2017-07-12T03:45:00.000Z,2017-07-12T04:10:00.000Z,2017-07-12T05:45:00.000Z,95,1.14758,1.14866,1.14704,1.14866,1.71,TARGET,92.34,184.68,11.97,172.71,1.87,SWING_LOW,false,BOS,14,4
pos-rs-ord-757,GBPUSD,LONG,GBPUSD-LONG-2017-07-24T16:15:00.000Z,2017-07-24T16:15:00.000Z,2017-07-24T16:15:00.000Z,2017-07-24T16:45:00.000Z,30,1.30309,1.3019,1.30192,1.30543,0.87,STOP,101.79,-103.53,6.09,-109.62,-1.08,SWING_LOW,false,CHOCH,14,16
pos-rs-ord-762,EURUSD,SHORT,EURUSD-SHORT-2017-08-09T09:30:00.000Z,2017-08-09T09:30:00.000Z,2017-08-09T10:05:00.000Z,2017-08-09T23:30:00.000Z,805,1.17356,1.17632,1.1763,1.16808,0.39,STOP,106.86,-107.64,2.73,-110.37,-1.03,SWING_HIGH,false,CHOCH,14,10
pos-rs-ord-766,GBPUSD,SHORT,GBPUSD-SHORT-2017-08-20T22:15:00.000Z,2017-08-20T22:15:00.000Z,2017-08-20T23:00:00.000Z,2017-08-21T11:25:00.000Z,745,1.2872,1.28865,1.28863,1.28434,0.72,STOP,102.96,-104.4,5.04,-109.44,-1.06,SWING_HIGH,false,CHOCH,14,23
pos-rs-ord-767,USDJPY,LONG,USDJPY-LONG-2017-08-22T08:00:00.000Z,2017-08-22T08:00:00.000Z,2017-08-22T08:40:00.000Z,2017-08-22T14:30:00.000Z,350,109.276,109.171,109.173,109.482,1.06,STOP,99.86,-101.86,7.42,-109.28,-1.09,SWING_LOW,false,CHOCH,14,8
pos-rs-ord-769,USDJPY,LONG,USDJPY-LONG-2017-08-25T02:15:00.000Z,2017-08-25T02:15:00.000Z,2017-08-25T02:25:00.000Z,2017-08-25T15:05:00.000Z,760,109.613,109.492,109.494,109.851,0.93,STOP,100.94,-102.5,6.51,-109.01,-1.08,SWING_LOW,false,BOS,14,2
pos-rs-ord-770,EURUSD,LONG,EURUSD-LONG-2017-08-28T07:00:00.000Z,2017-08-28T07:00:00.000Z,2017-08-28T07:00:00.000Z,2017-08-28T16:15:00.000Z,555,1.19309,1.19587,1.1917,1.19587,0.74,TARGET,102.86,205.72,5.18,200.54,1.95,ASIAN_LOW,true,CHOCH,16,7
pos-rs-ord-775,GBPUSD,LONG,GBPUSD-LONG-2017-09-13T08:30:00.000Z,2017-09-13T08:30:00.000Z,2017-09-13T09:05:00.000Z,2017-09-13T09:30:00.000Z,25,1.3317,1.32982,1.32984,1.33542,0.56,STOP,104.16,-105.28,3.92,-109.2,-1.05,SWING_LOW,false,CHOCH,14,9
pos-rs-ord-776,GBPUSD,LONG,GBPUSD-LONG-2017-09-14T12:45:00.000Z,2017-09-14T12:45:00.000Z,2017-09-14T13:30:00.000Z,2017-09-15T20:00:00.000Z,1830,1.33104,1.35716,1.31489,1.36334,0.06,PROTECTIVE,96.9,156.72,0.42,156.3,1.61,PDL,true,CHOCH,16,13
pos-rs-ord-777,EURUSD,SHORT,EURUSD-SHORT-2017-09-18T08:45:00.000Z,2017-09-18T08:45:00.000Z,2017-09-18T09:05:00.000Z,2017-09-18T11:50:00.000Z,165,1.19306,1.1957,1.19568,1.18782,0.41,STOP,107.42,-108.24,2.87,-111.11,-1.03,ASIAN_HIGH,true,BOS,16,9
pos-rs-ord-779,EURUSD,LONG,EURUSD-LONG-2017-09-22T02:45:00.000Z,2017-09-22T02:45:00.000Z,2017-09-22T03:15:00.000Z,2017-09-22T07:05:00.000Z,230,1.195,1.19712,1.19394,1.19712,0.95,TARGET,100.7,201.4,6.65,194.75,1.93,SWING_LOW,false,BOS,14,3
pos-rs-ord-781,USDJPY,LONG,USDJPY-LONG-2017-10-02T06:45:00.000Z,2017-10-02T06:45:00.000Z,2017-10-02T06:50:00.000Z,2017-10-02T08:45:00.000Z,115,112.873,113.049,112.785,113.049,1.26,TARGET,98.22,196.21,8.82,187.39,1.91,SWING_LOW,false,CHOCH,14,6
pos-rs-ord-783,GBPUSD,SHORT,GBPUSD-SHORT-2017-10-06T14:00:00.000Z,2017-10-06T14:00:00.000Z,2017-10-06T14:00:00.000Z,2017-10-06T20:00:00.000Z,360,1.30577,1.3068,1.31037,1.29657,0.23,PROTECTIVE,105.8,-23.69,1.61,-25.3,-0.24,EQUAL_HIGHS,false,BOS,14,14
pos-rs-ord-786,GBPUSD,SHORT,GBPUSD-SHORT-2017-10-11T08:15:00.000Z,2017-10-11T08:15:00.000Z,2017-10-11T08:15:00.000Z,2017-10-11T09:05:00.000Z,50,1.31922,1.32078,1.32076,1.31614,0.68,STOP,104.72,-106.08,4.76,-110.84,-1.06,SWING_HIGH,false,CHOCH,14,8
pos-rs-ord-788,EURUSD,LONG,EURUSD-LONG-2017-10-19T08:00:00.000Z,2017-10-19T08:00:00.000Z,2017-10-19T08:30:00.000Z,2017-10-19T09:10:00.000Z,40,1.18079,1.17943,1.17945,1.18347,0.77,STOP,103.18,-104.72,5.39,-110.11,-1.07,SWING_LOW,false,BOS,14,8
pos-rs-ord-791,EURUSD,LONG,EURUSD-LONG-2017-10-26T06:45:00.000Z,2017-10-26T06:45:00.000Z,2017-10-26T07:00:00.000Z,2017-10-26T07:35:00.000Z,35,1.18286,1.18225,1.18227,1.18404,1.58,STOP,93.22,-96.38,11.06,-107.44,-1.15,SWING_LOW,false,BOS,14,7
pos-rs-ord-796,USDJPY,LONG,USDJPY-LONG-2017-11-01T19:45:00.000Z,2017-11-01T19:45:00.000Z,2017-11-01T20:20:00.000Z,2017-11-02T02:50:00.000Z,390,114.092,113.744,113.746,114.784,0.35,STOP,106.1,-107.06,2.45,-109.51,-1.03,SWING_LOW,false,CHOCH,14,20
pos-rs-ord-801,USDJPY,SHORT,USDJPY-SHORT-2017-11-17T07:15:00.000Z,2017-11-17T07:15:00.000Z,2017-11-17T07:15:00.000Z,2017-11-17T08:15:00.000Z,60,112.566,112.639,112.637,112.424,1.5,STOP,94.64,-97.24,10.5,-107.74,-1.14,SWING_HIGH,false,CHOCH,14,7
pos-rs-ord-802,EURUSD,LONG,EURUSD-LONG-2017-11-22T17:45:00.000Z,2017-11-22T17:45:00.000Z,2017-11-22T17:45:00.000Z,2017-11-22T19:10:00.000Z,85,1.17912,1.18072,1.17832,1.18072,1.21,TARGET,96.8,193.6,8.47,185.13,1.91,SWING_LOW,false,BOS,14,17
pos-rs-ord-803,USDJPY,SHORT,USDJPY-SHORT-2017-11-23T01:00:00.000Z,2017-11-23T01:00:00.000Z,2017-11-23T01:55:00.000Z,2017-11-23T03:10:00.000Z,75,111.202,111.325,111.323,110.96,0.93,STOP,101.19,-102.78,6.51,-109.29,-1.08,SWING_HIGH,false,CHOCH,14,1
pos-rs-ord-810,USDJPY,LONG,USDJPY-LONG-2017-12-20T00:15:00.000Z,2017-12-20T00:15:00.000Z,2017-12-20T00:55:00.000Z,2017-12-20T08:00:00.000Z,425,112.94,113.148,112.836,113.148,1.08,TARGET,99.43,198.58,7.56,191.02,1.92,SWING_LOW,false,CHOCH,14,0
pos-rs-ord-812,USDJPY,LONG,USDJPY-LONG-2017-12-29T00:30:00.000Z,2017-12-29T00:30:00.000Z,2017-12-29T00:50:00.000Z,2017-12-29T01:15:00.000Z,25,112.912,112.821,112.823,113.09,1.24,STOP,97.73,-100,8.68,-108.68,-1.11,SWING_LOW,false,CHOCH,14,0
pos-rs-ord-813,USDJPY,LONG,USDJPY-LONG-2018-01-03T07:30:00.000Z,2018-01-03T07:30:00.000Z,2018-01-03T08:00:00.000Z,2018-01-03T11:00:00.000Z,180,112.337,112.234,112.236,112.539,1.1,STOP,98.88,-100.92,7.7,-108.62,-1.1,SWING_LOW,false,CHOCH,14,8
pos-rs-ord-814,EURUSD,SHORT,EURUSD-SHORT-2018-01-05T14:30:00.000Z,2018-01-05T14:30:00.000Z,2018-01-05T15:15:00.000Z,2018-01-05T21:00:00.000Z,345,1.20422,1.20426,1.2084,1.19586,0.26,PROTECTIVE,108.68,-1.04,1.82,-2.86,-0.03,ASIAN_HIGH,true,CHOCH,16,15
pos-rs-ord-815,EURUSD,SHORT,EURUSD-SHORT-2018-01-09T01:30:00.000Z,2018-01-09T01:30:00.000Z,2018-01-09T01:45:00.000Z,2018-01-09T02:05:00.000Z,20,1.19689,1.19743,1.19741,1.19585,1.74,STOP,90.48,-93.96,12.18,-106.14,-1.17,SWING_HIGH,false,CHOCH,14,1
pos-rs-ord-816,GBPUSD,LONG,GBPUSD-LONG-2018-01-09T03:15:00.000Z,2018-01-09T03:15:00.000Z,2018-01-09T03:15:00.000Z,2018-01-09T07:25:00.000Z,250,1.35792,1.35573,1.35575,1.36226,0.48,STOP,104.16,-105.12,3.36,-108.48,-1.04,SWING_LOW,false,BOS,14,3
pos-rs-ord-817,EURUSD,LONG,EURUSD-LONG-2018-01-10T08:30:00.000Z,2018-01-10T08:30:00.000Z,2018-01-10T09:10:00.000Z,2018-01-10T10:45:00.000Z,95,1.19422,1.19806,1.1923,1.19806,0.54,TARGET,103.68,207.36,3.78,203.58,1.96,ASIAN_LOW,true,CHOCH,16,9
pos-rs-ord-821,USDJPY,SHORT,USDJPY-SHORT-2018-01-15T14:15:00.000Z,2018-01-15T14:15:00.000Z,2018-01-15T14:35:00.000Z,2018-01-15T18:50:00.000Z,255,110.601,110.347,110.728,110.347,0.88,TARGET,101.05,202.51,6.16,196.35,1.94,SWING_HIGH,false,CHOCH,14,14
pos-rs-ord-823,EURUSD,SHORT,EURUSD-SHORT-2018-01-16T07:30:00.000Z,2018-01-16T07:30:00.000Z,2018-01-16T08:05:00.000Z,2018-01-16T14:05:00.000Z,360,1.22564,1.22006,1.22843,1.22006,0.38,TARGET,106.02,212.04,2.66,209.38,1.97,ASIAN_HIGH,true,CHOCH,16,8
pos-rs-ord-824,EURUSD,LONG,EURUSD-LONG-2018-01-19T08:00:00.000Z,2018-01-19T08:00:00.000Z,2018-01-19T08:00:00.000Z,2018-01-19T13:05:00.000Z,305,1.22685,1.22509,1.22511,1.23033,0.6,STOP,104.4,-105.6,4.2,-109.8,-1.05,SWING_LOW,false,BOS,14,8
pos-rs-ord-825,USDJPY,SHORT,USDJPY-SHORT-2018-01-25T06:30:00.000Z,2018-01-25T06:30:00.000Z,2018-01-25T06:45:00.000Z,2018-01-25T06:55:00.000Z,10,108.888,109.095,109.093,108.478,0.56,STOP,105.49,-106.46,3.92,-110.38,-1.05,SWING_HIGH,false,BOS,14,6
pos-rs-ord-826,USDJPY,SHORT,USDJPY-SHORT-2018-01-25T13:30:00.000Z,2018-01-25T13:30:00.000Z,2018-01-25T14:15:00.000Z,2018-01-25T14:25:00.000Z,10,108.971,109.052,109.05,108.813,1.33,STOP,96.51,-98.81,9.31,-108.12,-1.12,SWING_HIGH,false,BOS,14,14
pos-rs-ord-833,USDJPY,SHORT,USDJPY-SHORT-2018-02-02T01:45:00.000Z,2018-02-02T01:45:00.000Z,2018-02-02T01:45:00.000Z,2018-02-02T02:55:00.000Z,70,109.413,109.675,109.673,108.893,0.44,STOP,104.57,-105.16,3.08,-108.24,-1.04,SWING_HIGH,false,CHOCH,14,1
pos-rs-ord-835,USDJPY,SHORT,USDJPY-SHORT-2018-02-08T23:30:00.000Z,2018-02-08T23:30:00.000Z,2018-02-09T00:10:00.000Z,2018-02-09T01:15:00.000Z,65,108.684,108.889,108.887,108.278,0.56,STOP,104.63,-105.47,3.92,-109.39,-1.05,SWING_HIGH,false,BOS,14,0
pos-rs-ord-837,EURUSD,LONG,EURUSD-LONG-2018-02-12T23:30:00.000Z,2018-02-12T23:30:00.000Z,2018-02-13T00:25:00.000Z,2018-02-13T03:00:00.000Z,155,1.22928,1.22851,1.22853,1.23078,1.28,STOP,96,-98.56,8.96,-107.52,-1.12,SWING_LOW,false,BOS,14,0
pos-rs-ord-836,USDJPY,SHORT,USDJPY-SHORT-2018-02-12T00:45:00.000Z,2018-02-12T00:45:00.000Z,2018-02-12T01:05:00.000Z,2018-02-13T05:10:00.000Z,1685,108.684,108.272,108.89,108.272,0.55,TARGET,104.26,209.18,3.85,205.33,1.97,SWING_HIGH,false,CHOCH,14,1
pos-rs-ord-838,USDJPY,SHORT,USDJPY-SHORT-2018-02-16T16:00:00.000Z,2018-02-16T16:00:00.000Z,2018-02-16T16:55:00.000Z,2018-02-16T19:10:00.000Z,135,106.113,106.391,106.389,105.561,0.41,STOP,106.68,-107.23,2.87,-110.1,-1.03,ASIAN_HIGH,true,CHOCH,16,16
pos-rs-ord-841,EURUSD,SHORT,EURUSD-SHORT-2018-02-28T08:30:00.000Z,2018-02-28T08:30:00.000Z,2018-02-28T09:20:00.000Z,2018-03-01T12:50:00.000Z,1650,1.22179,1.21687,1.22425,1.21687,0.43,TARGET,105.78,211.56,3.01,208.55,1.97,SWING_HIGH,false,BOS,14,9
pos-rs-ord-843,EURUSD,LONG,EURUSD-LONG-2018-03-02T15:30:00.000Z,2018-03-02T15:30:00.000Z,2018-03-02T15:35:00.000Z,2018-03-02T21:00:00.000Z,325,1.23188,1.23301,1.22936,1.23692,0.42,PROTECTIVE,105.84,47.46,2.94,44.52,0.42,SWING_LOW,false,BOS,14,15
pos-rs-ord-844,GBPUSD,LONG,GBPUSD-LONG-2018-03-07T06:45:00.000Z,2018-03-07T06:45:00.000Z,2018-03-07T07:15:00.000Z,2018-03-07T07:25:00.000Z,10,1.38927,1.38813,1.38815,1.39151,0.9,STOP,100.8,-102.6,6.3,-108.9,-1.08,SWING_LOW,false,CHOCH,14,7
pos-rs-ord-849,GBPUSD,SHORT,GBPUSD-SHORT-2018-03-18T22:15:00.000Z,2018-03-18T22:15:00.000Z,2018-03-18T22:15:00.000Z,2018-03-19T05:45:00.000Z,450,1.39401,1.39211,1.39496,1.39211,1.04,TARGET,98.8,197.6,7.28,190.32,1.93,SWING_HIGH,false,CHOCH,14,22
pos-rs-ord-850,GBPUSD,LONG,GBPUSD-LONG-2018-03-21T19:30:00.000Z,2018-03-21T19:30:00.000Z,2018-03-21T19:35:00.000Z,2018-03-22T01:55:00.000Z,380,1.4093,1.4168,1.40555,1.4168,0.29,TARGET,108.75,217.5,2.03,215.47,1.98,SWING_LOW,false,BOS,14,19
pos-rs-ord-852,EURUSD,LONG,EURUSD-LONG-2018-03-23T07:45:00.000Z,2018-03-23T07:45:00.000Z,2018-03-23T07:45:00.000Z,2018-03-23T08:05:00.000Z,20,1.23364,1.2347,1.23311,1.2347,1.73,TARGET,91.69,183.38,12.11,171.27,1.87,SWING_LOW,false,BOS,14,7
pos-rs-ord-853,GBPUSD,LONG,GBPUSD-LONG-2018-03-28T06:30:00.000Z,2018-03-28T06:30:00.000Z,2018-03-28T06:40:00.000Z,2018-03-28T07:20:00.000Z,40,1.41936,1.41817,1.41819,1.4217,0.87,STOP,101.79,-103.53,6.09,-109.62,-1.08,SWING_LOW,false,BOS,14,6
pos-rs-ord-854,EURUSD,LONG,EURUSD-LONG-2018-03-30T07:45:00.000Z,2018-03-30T07:45:00.000Z,2018-03-30T07:45:00.000Z,2018-03-30T20:00:00.000Z,735,1.23157,1.23226,1.2305,1.23371,0.95,PROTECTIVE,101.65,65.55,6.65,58.9,0.58,SWING_LOW,false,BOS,14,7
pos-rs-ord-857,GBPUSD,SHORT,GBPUSD-SHORT-2018-04-12T05:45:00.000Z,2018-04-12T05:45:00.000Z,2018-04-12T06:20:00.000Z,2018-04-12T07:15:00.000Z,55,1.41782,1.41861,1.41859,1.41628,1.27,STOP,97.79,-100.33,8.89,-109.22,-1.12,SWING_HIGH,false,CHOCH,14,6
pos-rs-ord-858,EURUSD,SHORT,EURUSD-SHORT-2018-04-20T02:45:00.000Z,2018-04-20T02:45:00.000Z,2018-04-20T02:50:00.000Z,2018-04-20T07:45:00.000Z,295,1.23429,1.23493,1.23491,1.23305,1.52,STOP,94.24,-97.28,10.64,-107.92,-1.15,SWING_HIGH,false,BOS,14,2
pos-rs-ord-859,USDJPY,LONG,USDJPY-LONG-2018-04-24T01:00:00.000Z,2018-04-24T01:00:00.000Z,2018-04-24T01:45:00.000Z,2018-04-24T08:10:00.000Z,385,108.75,108.908,108.671,108.908,1.33,TARGET,96.61,192.98,9.31,183.67,1.9,EQUAL_LOWS,false,BOS,14,1
pos-rs-ord-863,EURUSD,LONG,EURUSD-LONG-2018-05-14T10:00:00.000Z,2018-05-14T10:00:00.000Z,2018-05-14T10:50:00.000Z,2018-05-14T18:50:00.000Z,480,1.19773,1.19506,1.19508,1.20303,0.4,STOP,106,-106.8,2.8,-109.6,-1.03,SWING_LOW,false,BOS,14,10
pos-rs-ord-869,USDJPY,SHORT,USDJPY-SHORT-2018-05-29T17:00:00.000Z,2018-05-29T17:00:00.000Z,2018-05-29T17:40:00.000Z,2018-06-01T02:20:00.000Z,3400,108.684,109.119,109.117,107.818,0.27,STOP,107.58,-107.81,1.89,-109.7,-1.02,SWING_HIGH,false,CHOCH,14,17
pos-rs-ord-871,EURUSD,LONG,EURUSD-LONG-2018-06-06T07:45:00.000Z,2018-06-06T07:45:00.000Z,2018-06-06T07:45:00.000Z,2018-06-06T14:40:00.000Z,415,1.1737,1.17838,1.17136,1.17838,0.45,TARGET,105.3,210.6,3.15,207.45,1.97,ASIAN_LOW,true,CHOCH,16,7
pos-rs-ord-872,EURUSD,LONG,EURUSD-LONG-2018-06-07T06:30:00.000Z,2018-06-07T06:30:00.000Z,2018-06-07T07:00:00.000Z,2018-06-07T08:25:00.000Z,85,1.17962,1.182,1.17843,1.182,0.86,TARGET,102.34,204.68,6.02,198.66,1.94,SWING_LOW,false,CHOCH,14,7
pos-rs-ord-875,EURUSD,LONG,EURUSD-LONG-2018-06-11T08:30:00.000Z,2018-06-11T08:30:00.000Z,2018-06-11T08:30:00.000Z,2018-06-11T10:00:00.000Z,90,1.18133,1.17882,1.17884,1.18631,0.43,STOP,107.07,-107.93,3.01,-110.94,-1.04,SWING_LOW,false,CHOCH,14,8
pos-rs-ord-878,EURUSD,SHORT,EURUSD-SHORT-2018-06-13T07:30:00.000Z,2018-06-13T07:30:00.000Z,2018-06-13T08:00:00.000Z,2018-06-13T08:15:00.000Z,15,1.17449,1.17538,1.17536,1.17275,0.85,STOP,73.95,-75.65,5.95,-81.6,-1.1,ASIAN_HIGH,true,CHOCH,16,8
pos-rs-ord-877,USDJPY,LONG,USDJPY-LONG-2018-06-13T02:30:00.000Z,2018-06-13T02:30:00.000Z,2018-06-13T02:50:00.000Z,2018-06-13T15:00:00.000Z,730,110.518,110.36,110.362,110.83,0.74,STOP,104.44,-105.92,5.18,-111.1,-1.06,SWING_LOW,false,BOS,14,2
pos-rs-ord-881,EURUSD,SHORT,EURUSD-SHORT-2018-06-28T14:15:00.000Z,2018-06-28T14:15:00.000Z,2018-06-28T14:35:00.000Z,2018-06-29T03:40:00.000Z,785,1.15746,1.1602,1.16018,1.15202,0.39,STOP,106.08,-106.86,2.73,-109.59,-1.03,SWING_HIGH,false,CHOCH,14,14
pos-rs-ord-885,USDJPY,SHORT,USDJPY-SHORT-2018-07-09T09:15:00.000Z,2018-07-09T09:15:00.000Z,2018-07-09T09:50:00.000Z,2018-07-09T14:10:00.000Z,260,110.468,110.552,110.55,110.304,1.31,STOP,97.25,-99.56,9.17,-108.73,-1.12,ASIAN_HIGH,true,BOS,16,9
pos-rs-ord-893,EURUSD,LONG,EURUSD-LONG-2018-08-14T01:45:00.000Z,2018-08-14T01:45:00.000Z,2018-08-14T01:45:00.000Z,2018-08-14T04:40:00.000Z,175,1.14018,1.14156,1.13949,1.14156,1.38,TARGET,95.22,190.44,9.66,180.78,1.9,SWING_LOW,false,CHOCH,14,1
pos-rs-ord-895,EURUSD,LONG,EURUSD-LONG-2018-08-17T07:45:00.000Z,2018-08-17T07:45:00.000Z,2018-08-17T08:15:00.000Z,2018-08-17T09:10:00.000Z,55,1.13839,1.14055,1.13731,1.14055,0.93,TARGET,100.44,200.88,6.51,194.37,1.94,SWING_LOW,false,BOS,14,8
pos-rs-ord-897,EURUSD,LONG,EURUSD-LONG-2018-08-30T08:30:00.000Z,2018-08-30T08:30:00.000Z,2018-08-30T08:30:00.000Z,2018-08-30T09:25:00.000Z,55,1.17081,1.16854,1.16856,1.17531,0.47,STOP,105.75,-106.69,3.29,-109.98,-1.04,SWING_LOW,false,CHOCH,14,8
pos-rs-ord-898,USDJPY,SHORT,USDJPY-SHORT-2018-08-30T08:30:00.000Z,2018-08-30T08:30:00.000Z,2018-08-30T09:10:00.000Z,2018-08-30T12:15:00.000Z,185,111.655,111.519,111.723,111.519,1.56,TARGET,95.02,190.21,10.92,179.29,1.89,SWING_HIGH,false,CHOCH,14,9
pos-rs-ord-899,GBPUSD,SHORT,GBPUSD-SHORT-2018-09-04T07:30:00.000Z,2018-09-04T07:30:00.000Z,2018-09-04T08:05:00.000Z,2018-09-04T09:05:00.000Z,60,1.28559,1.28301,1.28688,1.28301,0.8,TARGET,103.2,206.4,5.6,200.8,1.95,SWING_HIGH,false,BOS,14,8
pos-rs-ord-900,EURUSD,SHORT,EURUSD-SHORT-2018-09-04T15:15:00.000Z,2018-09-04T15:15:00.000Z,2018-09-04T15:45:00.000Z,2018-09-04T16:55:00.000Z,70,1.15476,1.15699,1.15697,1.15034,0.48,STOP,106.08,-107.04,3.36,-110.4,-1.04,SWING_HIGH,false,BOS,14,15
pos-rs-ord-901,EURUSD,LONG,EURUSD-LONG-2018-09-12T07:30:00.000Z,2018-09-12T07:30:00.000Z,2018-09-12T07:30:00.000Z,2018-09-12T08:00:00.000Z,30,1.15894,1.15796,1.15798,1.16086,1.05,STOP,100.8,-102.9,7.35,-110.25,-1.09,ASIAN_LOW,true,CHOCH,16,7
pos-rs-ord-902,EURUSD,LONG,EURUSD-LONG-2018-09-13T01:30:00.000Z,2018-09-13T01:30:00.000Z,2018-09-13T01:40:00.000Z,2018-09-13T02:35:00.000Z,55,1.16306,1.16414,1.16252,1.16414,1.71,TARGET,92.34,184.68,11.97,172.71,1.87,SWING_LOW,false,BOS,14,1
pos-rs-ord-904,EURUSD,LONG,EURUSD-LONG-2018-09-14T06:15:00.000Z,2018-09-14T06:15:00.000Z,2018-09-14T06:30:00.000Z,2018-09-14T07:30:00.000Z,60,1.16936,1.17022,1.16893,1.17022,1.63,TARGET,70.09,140.18,11.41,128.77,1.84,SWING_LOW,false,BOS,14,6
pos-rs-ord-903,GBPUSD,LONG,GBPUSD-LONG-2018-09-14T04:30:00.000Z,2018-09-14T04:30:00.000Z,2018-09-14T05:05:00.000Z,2018-09-14T08:05:00.000Z,180,1.31158,1.31069,1.31071,1.31332,1.14,STOP,99.18,-101.46,7.98,-109.44,-1.1,SWING_LOW,false,BOS,14,5
pos-rs-ord-905,EURUSD,LONG,EURUSD-LONG-2018-09-19T17:00:00.000Z,2018-09-19T17:00:00.000Z,2018-09-19T17:15:00.000Z,2018-09-20T12:50:00.000Z,1175,1.1682,1.17466,1.16497,1.17466,0.33,TARGET,106.59,213.18,2.31,210.87,1.98,PDL,true,CHOCH,16,17
pos-rs-ord-906,EURUSD,SHORT,EURUSD-SHORT-2018-09-24T07:15:00.000Z,2018-09-24T07:15:00.000Z,2018-09-24T08:05:00.000Z,2018-09-24T08:20:00.000Z,15,1.1739,1.17493,1.17491,1.17188,1.01,STOP,102.01,-104.03,7.07,-111.1,-1.09,SWING_HIGH,false,CHOCH,14,8
pos-rs-ord-907,USDJPY,SHORT,USDJPY-SHORT-2018-09-24T07:45:00.000Z,2018-09-24T07:45:00.000Z,2018-09-24T08:15:00.000Z,2018-09-24T09:05:00.000Z,50,112.574,112.622,112.62,112.482,2.18,STOP,89.09,-92.93,15.26,-108.19,-1.21,SWING_HIGH,false,BOS,14,8
pos-rs-ord-910,EURUSD,LONG,EURUSD-LONG-2018-10-10T06:45:00.000Z,2018-10-10T06:45:00.000Z,2018-10-10T06:55:00.000Z,2018-10-10T07:05:00.000Z,10,1.15104,1.15051,1.15053,1.15206,1.8,STOP,91.8,-95.4,12.6,-108,-1.18,EQUAL_LOWS,false,CHOCH,14,6
pos-rs-ord-914,EURUSD,SHORT,EURUSD-SHORT-2018-10-31T11:00:00.000Z,2018-10-31T11:00:00.000Z,2018-10-31T11:50:00.000Z,2018-10-31T18:55:00.000Z,425,1.13423,1.13053,1.13608,1.13053,0.57,TARGET,105.45,210.9,3.99,206.91,1.96,SWING_HIGH,false,BOS,14,11
pos-rs-ord-917,GBPUSD,LONG,GBPUSD-LONG-2018-11-05T11:15:00.000Z,2018-11-05T11:15:00.000Z,2018-11-05T11:15:00.000Z,2018-11-05T12:50:00.000Z,95,1.30191,1.29679,1.29681,1.31211,0.21,STOP,107.1,-107.52,1.47,-108.99,-1.02,ASIAN_LOW,true,BOS,16,11
pos-rs-ord-918,EURUSD,SHORT,EURUSD-SHORT-2018-11-06T10:30:00.000Z,2018-11-06T10:30:00.000Z,2018-11-06T10:50:00.000Z,2018-11-06T13:05:00.000Z,135,1.14027,1.14264,1.14262,1.13557,0.46,STOP,108.1,-109.02,3.22,-112.24,-1.04,PDH,true,BOS,16,10
pos-rs-ord-922,EURUSD,LONG,EURUSD-LONG-2018-11-14T06:45:00.000Z,2018-11-14T06:45:00.000Z,2018-11-14T07:00:00.000Z,2018-11-14T07:10:00.000Z,10,1.1292,1.12855,1.12857,1.13046,1.51,STOP,95.13,-98.15,10.57,-108.72,-1.14,ASIAN_LOW,true,CHOCH,16,7
pos-rs-ord-923,GBPUSD,SHORT,GBPUSD-SHORT-2018-11-21T17:15:00.000Z,2018-11-21T17:15:00.000Z,2018-11-21T17:40:00.000Z,2018-11-22T10:15:00.000Z,995,1.27786,1.28186,1.28184,1.2699,0.27,STOP,107.46,-108,1.89,-109.89,-1.02,EQUAL_HIGHS,false,CHOCH,14,17
pos-rs-ord-924,GBPUSD,SHORT,GBPUSD-SHORT-2018-11-26T08:00:00.000Z,2018-11-26T08:00:00.000Z,2018-11-26T08:00:00.000Z,2018-11-26T08:05:00.000Z,5,1.28225,1.2831,1.28308,1.28059,1.18,STOP,97.94,-100.3,8.26,-108.56,-1.11,ASIAN_HIGH,true,CHOCH,16,8
pos-rs-ord-927,EURUSD,LONG,EURUSD-LONG-2018-12-18T02:00:00.000Z,2018-12-18T02:00:00.000Z,2018-12-18T02:10:00.000Z,2018-12-18T05:15:00.000Z,185,1.13548,1.1344,1.13442,1.1376,0.95,STOP,100.7,-102.6,6.65,-109.25,-1.08,SWING_LOW,false,BOS,14,2
pos-rs-ord-928,USDJPY,SHORT,USDJPY-SHORT-2018-12-18T16:45:00.000Z,2018-12-18T16:45:00.000Z,2018-12-18T16:55:00.000Z,2018-12-19T00:10:00.000Z,435,112.554,112.382,112.64,112.382,1.27,TARGET,97.07,194.27,8.89,185.38,1.91,SWING_HIGH,false,CHOCH,14,16
pos-rs-ord-931,GBPUSD,LONG,GBPUSD-LONG-2019-01-04T07:30:00.000Z,2019-01-04T07:30:00.000Z,2019-01-04T07:35:00.000Z,2019-01-04T08:45:00.000Z,70,1.2641,1.26688,1.26271,1.26688,0.74,TARGET,102.86,205.72,5.18,200.54,1.95,SWING_LOW,false,BOS,14,7
pos-rs-ord-933,USDJPY,LONG,USDJPY-LONG-2019-01-09T09:30:00.000Z,2019-01-09T09:30:00.000Z,2019-01-09T09:30:00.000Z,2019-01-09T13:40:00.000Z,250,108.902,108.787,108.789,109.128,0.98,STOP,101.67,-103.57,6.86,-110.43,-1.09,SWING_LOW,false,CHOCH,14,9
pos-rs-ord-934,GBPUSD,LONG,GBPUSD-LONG-2019-01-14T23:45:00.000Z,2019-01-14T23:45:00.000Z,2019-01-14T23:45:00.000Z,2019-01-15T09:55:00.000Z,610,1.28736,1.28496,1.28498,1.29212,0.45,STOP,107.1,-108,3.15,-111.15,-1.04,SWING_LOW,false,CHOCH,14,23
pos-rs-ord-935,GBPUSD,LONG,GBPUSD-LONG-2019-01-25T05:30:00.000Z,2019-01-25T05:30:00.000Z,2019-01-25T06:05:00.000Z,2019-01-25T06:45:00.000Z,40,1.31258,1.31138,1.3114,1.31494,0.86,STOP,101.48,-103.2,6.02,-109.22,-1.08,SWING_LOW,false,CHOCH,14,6
pos-rs-ord-943,EURUSD,SHORT,EURUSD-SHORT-2019-03-20T08:00:00.000Z,2019-03-20T08:00:00.000Z,2019-03-20T08:00:00.000Z,2019-03-20T10:20:00.000Z,140,1.13475,1.13544,1.13542,1.13341,1.42,STOP,95.14,-97.98,9.94,-107.92,-1.13,SWING_HIGH,false,CHOCH,14,8
pos-rs-ord-947,GBPUSD,SHORT,GBPUSD-SHORT-2019-03-27T07:45:00.000Z,2019-03-27T07:45:00.000Z,2019-03-27T07:45:00.000Z,2019-03-27T08:05:00.000Z,20,1.3177,1.31926,1.31924,1.31462,0.67,STOP,103.18,-104.52,4.69,-109.21,-1.06,EQUAL_HIGHS,false,BOS,14,7
pos-rs-ord-948,GBPUSD,SHORT,GBPUSD-SHORT-2019-03-28T11:45:00.000Z,2019-03-28T11:45:00.000Z,2019-03-28T12:25:00.000Z,2019-03-28T12:30:00.000Z,5,1.3133,1.31653,1.31651,1.30688,0.33,STOP,105.93,-106.59,2.31,-108.9,-1.03,SWING_HIGH,false,CHOCH,14,12
pos-rs-ord-949,GBPUSD,SHORT,GBPUSD-SHORT-2019-03-28T14:00:00.000Z,2019-03-28T14:00:00.000Z,2019-03-28T14:15:00.000Z,2019-03-29T20:00:00.000Z,1785,1.30986,1.30231,1.31672,1.29614,0.16,PROTECTIVE,109.76,120.8,1.12,119.68,1.09,SWING_HIGH,false,BOS,14,14
pos-rs-ord-951,GBPUSD,LONG,GBPUSD-LONG-2019-04-09T07:00:00.000Z,2019-04-09T07:00:00.000Z,2019-04-09T07:05:00.000Z,2019-04-09T07:30:00.000Z,25,1.30831,1.30727,1.30729,1.31035,0.98,STOP,99.96,-101.92,6.86,-108.78,-1.09,SWING_LOW,false,BOS,14,7
pos-rs-ord-952,GBPUSD,LONG,GBPUSD-LONG-2019-04-09T10:00:00.000Z,2019-04-09T10:00:00.000Z,2019-04-09T10:10:00.000Z,2019-04-09T13:00:00.000Z,170,1.30855,1.30552,1.30554,1.31457,0.35,STOP,105.35,-106.05,2.45,-108.5,-1.03,SWING_LOW,false,CHOCH,14,10
pos-rs-ord-953,GBPUSD,SHORT,GBPUSD-SHORT-2019-04-16T08:45:00.000Z,2019-04-16T08:45:00.000Z,2019-04-16T09:10:00.000Z,2019-04-16T14:00:00.000Z,290,1.3084,1.30532,1.30994,1.30532,0.67,TARGET,103.18,206.36,4.69,201.67,1.95,SWING_HIGH,false,BOS,14,9
pos-rs-ord-954,EURUSD,SHORT,EURUSD-SHORT-2019-04-16T10:30:00.000Z,2019-04-16T10:30:00.000Z,2019-04-16T11:00:00.000Z,2019-04-17T08:15:00.000Z,1275,1.13001,1.13151,1.13149,1.12705,0.65,STOP,96.2,-97.5,4.55,-102.05,-1.06,SWING_HIGH,false,BOS,14,11
pos-rs-ord-958,USDJPY,SHORT,USDJPY-SHORT-2019-05-08T02:15:00.000Z,2019-05-08T02:15:00.000Z,2019-05-08T02:20:00.000Z,2019-05-08T03:35:00.000Z,75,110.189,109.977,110.295,109.977,1.03,TARGET,99.09,198.42,7.21,191.21,1.93,SWING_HIGH,false,CHOCH,14,2
pos-rs-ord-961,GBPUSD,SHORT,GBPUSD-SHORT-2019-05-24T13:15:00.000Z,2019-05-24T13:15:00.000Z,2019-05-24T13:20:00.000Z,2019-05-24T18:05:00.000Z,285,1.2672,1.2719,1.27188,1.25784,0.23,STOP,107.64,-108.1,1.61,-109.71,-1.02,SWING_HIGH,false,BOS,14,13
pos-rs-ord-964,USDJPY,SHORT,USDJPY-SHORT-2019-06-06T14:00:00.000Z,2019-06-06T14:00:00.000Z,2019-06-06T14:00:00.000Z,2019-06-06T14:40:00.000Z,40,108.12,108.255,108.253,107.854,0.83,STOP,102.11,-103.53,5.81,-109.34,-1.07,EQUAL_HIGHS,false,CHOCH,14,14
